date,order_id,customer_id,country,product_code,product_description,quantity,unit_price
2010-12-01 08:26:00,536365,17850,United Kingdom,85123A,WHITE HANGING HEART T-LIGHT HOLDER,6,2.55
2010-12-01 08:26:00,536365,17850,United Kingdom,71053,WHITE METAL LANTERN,6,3.39
2010-12-01 08:26:00,536365,17850,United Kingdom,84406B,CREAM CUPID HEARTS COAT HANGER,8,2.75
2010-12-01 08:26:00,536365,17850,United Kingdom,84029G,KNITTED UNION FLAG HOT WATER BOTTLE,6,3.39
2010-12-01 08:26:00,536365,17850,United Kingdom,84029E,RED WOOLLY HOTTIE WHITE HEART.,6,3.39
2010-12-01 08:26:00,536365,17850,United Kingdom,22752,SET 7 BABUSHKA NESTING BOXES,2,7.65
2010-12-01 08:26:00,536365,17850,United Kingdom,21730,GLASS STAR FROSTED T-LIGHT HOLDER,6,4.25
2010-12-01 08:28:00,536366,17850,United Kingdom,22633,HAND WARMER UNION JACK,6,1.85
2010-12-01 08:28:00,536366,17850,United Kingdom,22632,HAND WARMER RED POLKA DOT,6,1.85
2010-12-01 08:34:00,536367,13047,United Kingdom,84879,ASSORTED COLOUR BIRD ORNAMENT,32,1.69
2010-12-01 08:34:00,536367,13047,United Kingdom,22745,POPPY'S PLAYHOUSE BEDROOM ,6,2.1
2010-12-01 08:34:00,536367,13047,United Kingdom,22748,POPPY'S PLAYHOUSE KITCHEN,6,2.1
2010-12-01 08:34:00,536367,13047,United Kingdom,22749,FELTCRAFT PRINCESS CHARLOTTE DOLL,8,3.75
2010-12-01 08:34:00,536367,13047,United Kingdom,22310,IVORY KNITTED MUG COSY ,6,1.65
2010-12-01 08:34:00,536367,13047,United Kingdom,84969,BOX OF 6 ASSORTED COLOUR TEASPOONS,6,4.25
2010-12-01 08:34:00,536367,13047,United Kingdom,22623,BOX OF VINTAGE JIGSAW BLOCKS ,3,4.95
2010-12-01 08:34:00,536367,13047,United Kingdom,22622,BOX OF VINTAGE ALPHABET BLOCKS,2,9.95
2010-12-01 08:34:00,536367,13047,United Kingdom,21754,HOME BUILDING BLOCK WORD,3,5.95
2010-12-01 08:34:00,536367,13047,United Kingdom,21755,LOVE BUILDING BLOCK WORD,3,5.95
2010-12-01 08:34:00,536367,13047,United Kingdom,21777,RECIPE BOX WITH METAL HEART,4,7.95
2010-12-01 08:34:00,536367,13047,United Kingdom,48187,DOORMAT NEW ENGLAND,4,7.95
2010-12-01 08:34:00,536368,13047,United Kingdom,22960,JAM MAKING SET WITH JARS,6,4.25
2010-12-01 08:34:00,536368,13047,United Kingdom,22913,RED COAT RACK PARIS FASHION,3,4.95
2010-12-01 08:34:00,536368,13047,United Kingdom,22912,YELLOW COAT RACK PARIS FASHION,3,4.95
2010-12-01 08:34:00,536368,13047,United Kingdom,22914,BLUE COAT RACK PARIS FASHION,3,4.95
2010-12-01 08:35:00,536369,13047,United Kingdom,21756,BATH BUILDING BLOCK WORD,3,5.95
2010-12-01 08:45:00,536370,12583,France,22728,ALARM CLOCK BAKELIKE PINK,24,3.75
2010-12-01 08:45:00,536370,12583,France,22727,ALARM CLOCK BAKELIKE RED ,24,3.75
2010-12-01 08:45:00,536370,12583,France,22726,ALARM CLOCK BAKELIKE GREEN,12,3.75
2010-12-01 08:45:00,536370,12583,France,21724,PANDA AND BUNNIES STICKER SHEET,12,0.85
2010-12-01 08:45:00,536370,12583,France,21883,STARS GIFT TAPE ,24,0.65
2010-12-01 08:45:00,536370,12583,France,10002,INFLATABLE POLITICAL GLOBE ,48,0.85
2010-12-01 08:45:00,536370,12583,France,21791,VINTAGE HEADS AND TAILS CARD GAME ,24,1.25
2010-12-01 08:45:00,536370,12583,France,21035,SET/2 RED RETROSPOT TEA TOWELS ,18,2.95
2010-12-01 08:45:00,536370,12583,France,22326,ROUND SNACK BOXES SET OF4 WOODLAND ,24,2.95
2010-12-01 08:45:00,536370,12583,France,22629,SPACEBOY LUNCH BOX ,24,1.95
2010-12-01 08:45:00,536370,12583,France,22659,LUNCH BOX I LOVE LONDON,24,1.95
2010-12-01 08:45:00,536370,12583,France,22631,CIRCUS PARADE LUNCH BOX ,24,1.95
2010-12-01 08:45:00,536370,12583,France,22661,CHARLOTTE BAG DOLLY GIRL DESIGN,20,0.85
2010-12-01 08:45:00,536370,12583,France,21731,RED TOADSTOOL LED NIGHT LIGHT,24,1.65
2010-12-01 08:45:00,536370,12583,France,22900, SET 2 TEA TOWELS I LOVE LONDON ,24,2.95
2010-12-01 08:45:00,536370,12583,France,21913,VINTAGE SEASIDE JIGSAW PUZZLES,12,3.75
2010-12-01 08:45:00,536370,12583,France,22540,MINI JIGSAW CIRCUS PARADE ,24,0.42
2010-12-01 08:45:00,536370,12583,France,22544,MINI JIGSAW SPACEBOY,24,0.42
2010-12-01 08:45:00,536370,12583,France,22492,MINI PAINT SET VINTAGE ,36,0.65
2010-12-01 08:45:00,536370,12583,France,POST,POSTAGE,3,18.0
2010-12-01 09:00:00,536371,13748,United Kingdom,22086,PAPER CHAIN KIT 50'S CHRISTMAS ,80,2.55
2010-12-01 09:01:00,536372,17850,United Kingdom,22632,HAND WARMER RED POLKA DOT,6,1.85
2010-12-01 09:01:00,536372,17850,United Kingdom,22633,HAND WARMER UNION JACK,6,1.85
2010-12-01 09:02:00,536373,17850,United Kingdom,85123A,WHITE HANGING HEART T-LIGHT HOLDER,6,2.55
2010-12-01 09:02:00,536373,17850,United Kingdom,71053,WHITE METAL LANTERN,6,3.39
2010-12-01 09:02:00,536373,17850,United Kingdom,84406B,CREAM CUPID HEARTS COAT HANGER,8,2.75
2010-12-01 09:02:00,536373,17850,United Kingdom,20679,EDWARDIAN PARASOL RED,6,4.95
2010-12-01 09:02:00,536373,17850,United Kingdom,37370,RETRO COFFEE MUGS ASSORTED,6,1.06
2010-12-01 09:02:00,536373,17850,United Kingdom,21871,SAVE THE PLANET MUG,6,1.06
2010-12-01 09:02:00,536373,17850,United Kingdom,21071,VINTAGE BILLBOARD DRINK ME MUG,6,1.06
2010-12-01 09:02:00,536373,17850,United Kingdom,21068,VINTAGE BILLBOARD LOVE/HATE MUG,6,1.06
2010-12-01 09:02:00,536373,17850,United Kingdom,82483,WOOD 2 DRAWER CABINET WHITE FINISH,2,4.95
2010-12-01 09:02:00,536373,17850,United Kingdom,82486,WOOD S/3 CABINET ANT WHITE FINISH,4,6.95
2010-12-01 09:02:00,536373,17850,United Kingdom,82482,WOODEN PICTURE FRAME WHITE FINISH,6,2.1
2010-12-01 09:02:00,536373,17850,United Kingdom,82494L,WOODEN FRAME ANTIQUE WHITE ,6,2.55
2010-12-01 09:02:00,536373,17850,United Kingdom,84029G,KNITTED UNION FLAG HOT WATER BOTTLE,6,3.39
2010-12-01 09:02:00,536373,17850,United Kingdom,84029E,RED WOOLLY HOTTIE WHITE HEART.,6,3.39
2010-12-01 09:02:00,536373,17850,United Kingdom,22752,SET 7 BABUSHKA NESTING BOXES,2,7.65
2010-12-01 09:02:00,536373,17850,United Kingdom,21730,GLASS STAR FROSTED T-LIGHT HOLDER,6,4.25
2010-12-01 09:09:00,536374,15100,United Kingdom,21258,VICTORIAN SEWING BOX LARGE,32,10.95
2010-12-01 09:32:00,536375,17850,United Kingdom,85123A,WHITE HANGING HEART T-LIGHT HOLDER,6,2.55
2010-12-01 09:32:00,536375,17850,United Kingdom,71053,WHITE METAL LANTERN,6,3.39
2010-12-01 09:32:00,536375,17850,United Kingdom,84406B,CREAM CUPID HEARTS COAT HANGER,8,2.75
2010-12-01 09:32:00,536375,17850,United Kingdom,20679,EDWARDIAN PARASOL RED,6,4.95
2010-12-01 09:32:00,536375,17850,United Kingdom,37370,RETRO COFFEE MUGS ASSORTED,6,1.06
2010-12-01 09:32:00,536375,17850,United Kingdom,21871,SAVE THE PLANET MUG,6,1.06
2010-12-01 09:32:00,536375,17850,United Kingdom,21071,VINTAGE BILLBOARD DRINK ME MUG,6,1.06
2010-12-01 09:32:00,536375,17850,United Kingdom,21068,VINTAGE BILLBOARD LOVE/HATE MUG,6,1.06
2010-12-01 09:32:00,536375,17850,United Kingdom,82483,WOOD 2 DRAWER CABINET WHITE FINISH,2,4.95
2010-12-01 09:32:00,536375,17850,United Kingdom,82486,WOOD S/3 CABINET ANT WHITE FINISH,4,6.95
2010-12-01 09:32:00,536375,17850,United Kingdom,82482,WOODEN PICTURE FRAME WHITE FINISH,6,2.1
2010-12-01 09:32:00,536375,17850,United Kingdom,82494L,WOODEN FRAME ANTIQUE WHITE ,6,2.55
2010-12-01 09:32:00,536375,17850,United Kingdom,84029G,KNITTED UNION FLAG HOT WATER BOTTLE,6,3.39
2010-12-01 09:32:00,536375,17850,United Kingdom,84029E,RED WOOLLY HOTTIE WHITE HEART.,6,3.39
2010-12-01 09:32:00,536375,17850,United Kingdom,22752,SET 7 BABUSHKA NESTING BOXES,2,7.65
2010-12-01 09:32:00,536375,17850,United Kingdom,21730,GLASS STAR FROSTED T-LIGHT HOLDER,6,4.25
2010-12-01 09:32:00,536376,15291,United Kingdom,22114,HOT WATER BOTTLE TEA AND SYMPATHY,48,3.45
2010-12-01 09:32:00,536376,15291,United Kingdom,21733,RED HANGING HEART T-LIGHT HOLDER,64,2.55
2010-12-01 09:34:00,536377,17850,United Kingdom,22632,HAND WARMER RED POLKA DOT,6,1.85
2010-12-01 09:34:00,536377,17850,United Kingdom,22633,HAND WARMER UNION JACK,6,1.85
2010-12-01 09:37:00,536378,14688,United Kingdom,22386,JUMBO BAG PINK POLKADOT,10,1.95
2010-12-01 09:37:00,536378,14688,United Kingdom,85099C,JUMBO  BAG BAROQUE BLACK WHITE,10,1.95
2010-12-01 09:37:00,536378,14688,United Kingdom,21033,JUMBO BAG CHARLIE AND LOLA TOYS,10,2.95
2010-12-01 09:37:00,536378,14688,United Kingdom,20723,STRAWBERRY CHARLOTTE BAG,10,0.85
2010-12-01 09:37:00,536378,14688,United Kingdom,84997B,RED 3 PIECE RETROSPOT CUTLERY SET,12,3.75
2010-12-01 09:37:00,536378,14688,United Kingdom,84997C,BLUE 3 PIECE POLKADOT CUTLERY SET,6,3.75
2010-12-01 09:37:00,536378,14688,United Kingdom,21094,SET/6 RED SPOTTY PAPER PLATES,12,0.85
2010-12-01 09:37:00,536378,14688,United Kingdom,20725,LUNCH BAG RED RETROSPOT,10,1.65
2010-12-01 09:37:00,536378,14688,United Kingdom,21559,STRAWBERRY LUNCH BOX WITH CUTLERY,6,2.55
2010-12-01 09:37:00,536378,14688,United Kingdom,22352,LUNCH BOX WITH CUTLERY RETROSPOT ,6,2.55
2010-12-01 09:37:00,536378,14688,United Kingdom,21212,PACK OF 72 RETROSPOT CAKE CASES,120,0.42
2010-12-01 09:37:00,536378,14688,United Kingdom,21975,PACK OF 60 DINOSAUR CAKE CASES,24,0.55
2010-12-01 09:37:00,536378,14688,United Kingdom,21977,PACK OF 60 PINK PAISLEY CAKE CASES,24,0.55
2010-12-01 09:37:00,536378,14688,United Kingdom,84991,60 TEATIME FAIRY CAKE CASES,24,0.55
2010-12-01 09:37:00,536378,14688,United Kingdom,84519A,TOMATO CHARLIE+LOLA COASTER SET,6,2.95
2010-12-01 09:37:00,536378,14688,United Kingdom,85183B,CHARLIE & LOLA WASTEPAPER BIN FLORA,48,1.25
2010-12-01 09:37:00,536378,14688,United Kingdom,85071B,RED CHARLIE+LOLA PERSONAL DOORSIGN,96,0.38
2010-12-01 09:37:00,536378,14688,United Kingdom,21931,JUMBO STORAGE BAG SUKI,10,1.95
2010-12-01 09:37:00,536378,14688,United Kingdom,21929,JUMBO BAG PINK VINTAGE PAISLEY,10,1.95
2010-12-01 09:41:00,536380,17809,United Kingdom,22961,JAM MAKING SET PRINTED,24,1.45
2010-12-01 09:41:00,536381,15311,United Kingdom,22139,RETROSPOT TEA SET CERAMIC 11 PC ,23,4.25
2010-12-01 09:41:00,536381,15311,United Kingdom,84854,GIRLY PINK TOOL SET,5,4.95
2010-12-01 09:41:00,536381,15311,United Kingdom,22411,JUMBO SHOPPER VINTAGE RED PAISLEY,10,1.95
2010-12-01 09:41:00,536381,15311,United Kingdom,82567,"AIRLINE LOUNGE,METAL SIGN",2,2.1
2010-12-01 09:41:00,536381,15311,United Kingdom,21672,WHITE SPOT RED CERAMIC DRAWER KNOB,6,1.25
2010-12-01 09:41:00,536381,15311,United Kingdom,22774,RED DRAWER KNOB ACRYLIC EDWARDIAN,24,1.25
2010-12-01 09:41:00,536381,15311,United Kingdom,22771,CLEAR DRAWER KNOB ACRYLIC EDWARDIAN,24,1.25
2010-12-01 09:41:00,536381,15311,United Kingdom,71270,PHOTO CLIP LINE,1,1.25
2010-12-01 09:41:00,536381,15311,United Kingdom,22262,FELT EGG COSY CHICKEN,1,0.85
2010-12-01 09:41:00,536381,15311,United Kingdom,22637,PIGGY BANK RETROSPOT ,1,2.55
2010-12-01 09:41:00,536381,15311,United Kingdom,21934,SKULL SHOULDER BAG,10,1.65
2010-12-01 09:41:00,536381,15311,United Kingdom,21169,YOU'RE CONFUSING ME METAL SIGN ,3,1.69
2010-12-01 09:41:00,536381,15311,United Kingdom,21166,COOK WITH WINE METAL SIGN ,1,1.95
2010-12-01 09:41:00,536381,15311,United Kingdom,21175,GIN + TONIC DIET METAL SIGN,2,2.1
2010-12-01 09:41:00,536381,15311,United Kingdom,37444A,YELLOW BREAKFAST CUP AND SAUCER,1,2.95
2010-12-01 09:41:00,536381,15311,United Kingdom,37444C,PINK BREAKFAST CUP AND SAUCER ,1,2.95
2010-12-01 09:41:00,536381,15311,United Kingdom,22086,PAPER CHAIN KIT 50'S CHRISTMAS ,4,2.95
2010-12-01 09:41:00,536381,15311,United Kingdom,22083,PAPER CHAIN KIT RETROSPOT,1,2.95
2010-12-01 09:41:00,536381,15311,United Kingdom,84971S,SMALL HEART FLOWERS HOOK ,6,0.85
2010-12-01 09:41:00,536381,15311,United Kingdom,71270,PHOTO CLIP LINE,3,1.25
2010-12-01 09:41:00,536381,15311,United Kingdom,47580,TEA TIME DES TEA COSY,2,2.55
2010-12-01 09:41:00,536381,15311,United Kingdom,22261,FELT EGG COSY WHITE RABBIT ,1,0.85
2010-12-01 09:41:00,536381,15311,United Kingdom,84832,ZINC WILLIE WINKIE  CANDLE STICK,1,0.85
2010-12-01 09:41:00,536381,15311,United Kingdom,22644,CERAMIC CHERRY CAKE MONEY BANK,1,1.45
2010-12-01 09:41:00,536381,15311,United Kingdom,21533,RETROSPOT LARGE MILK JUG,1,4.95
2010-12-01 09:41:00,536381,15311,United Kingdom,21557,SET OF 6 FUNKY BEAKERS,2,2.95
2010-12-01 09:41:00,536381,15311,United Kingdom,15056BL,EDWARDIAN PARASOL BLACK,2,5.95
2010-12-01 09:41:00,536381,15311,United Kingdom,15056N,EDWARDIAN PARASOL NATURAL,2,5.95
2010-12-01 09:41:00,536381,15311,United Kingdom,22646,CERAMIC STRAWBERRY CAKE MONEY BANK,4,1.45
2010-12-01 09:41:00,536381,15311,United Kingdom,22176,BLUE OWL SOFT TOY,1,2.95
2010-12-01 09:41:00,536381,15311,United Kingdom,22438,BALLOON ART MAKE YOUR OWN FLOWERS,1,1.95
2010-12-01 09:41:00,536381,15311,United Kingdom,21731,RED TOADSTOOL LED NIGHT LIGHT,2,1.65
2010-12-01 09:41:00,536381,15311,United Kingdom,22778,GLASS CLOCHE SMALL,3,3.95
2010-12-01 09:41:00,536381,15311,United Kingdom,22719,GUMBALL MONOCHROME COAT RACK,36,1.06
2010-12-01 09:41:00,536381,15311,United Kingdom,21523,DOORMAT FANCY FONT HOME SWEET HOME,10,6.75
2010-12-01 09:41:00,C536379,14527,United Kingdom,D,Discount,-1,27.5
2010-12-01 09:45:00,536382,16098,United Kingdom,10002,INFLATABLE POLITICAL GLOBE ,12,0.85
2010-12-01 09:45:00,536382,16098,United Kingdom,21912,VINTAGE SNAKES & LADDERS,8,3.75
2010-12-01 09:45:00,536382,16098,United Kingdom,21832,CHOCOLATE CALCULATOR,12,1.65
2010-12-01 09:45:00,536382,16098,United Kingdom,22411,JUMBO SHOPPER VINTAGE RED PAISLEY,10,1.95
2010-12-01 09:45:00,536382,16098,United Kingdom,22379,RECYCLING BAG RETROSPOT ,10,2.1
2010-12-01 09:45:00,536382,16098,United Kingdom,22381,TOY TIDY PINK POLKADOT,50,1.85
2010-12-01 09:45:00,536382,16098,United Kingdom,22798,ANTIQUE GLASS DRESSING TABLE POT,8,2.95
2010-12-01 09:45:00,536382,16098,United Kingdom,22726,ALARM CLOCK BAKELIKE GREEN,4,3.75
2010-12-01 09:45:00,536382,16098,United Kingdom,22926,IVORY GIANT GARDEN THERMOMETER,12,5.95
2010-12-01 09:45:00,536382,16098,United Kingdom,22839,3 TIER CAKE TIN GREEN AND CREAM,2,14.95
2010-12-01 09:45:00,536382,16098,United Kingdom,22838,3 TIER CAKE TIN RED AND CREAM,2,14.95
2010-12-01 09:45:00,536382,16098,United Kingdom,22783,SET 3 WICKER OVAL BASKETS W LIDS,4,16.95
2010-12-01 09:49:00,C536383,15311,United Kingdom,35004C,SET OF 3 COLOURED  FLYING DUCKS,-1,4.65
2010-12-01 09:53:00,536384,18074,United Kingdom,82484,WOOD BLACK BOARD ANT WHITE FINISH,3,6.45
2010-12-01 09:53:00,536384,18074,United Kingdom,84755,COLOUR GLASS T-LIGHT HOLDER HANGING,48,0.65
2010-12-01 09:53:00,536384,18074,United Kingdom,22464,HANGING METAL HEART LANTERN,12,1.65
2010-12-01 09:53:00,536384,18074,United Kingdom,21324,HANGING MEDINA LANTERN SMALL,6,2.95
2010-12-01 09:53:00,536384,18074,United Kingdom,22457,NATURAL SLATE HEART CHALKBOARD ,12,2.95
2010-12-01 09:53:00,536384,18074,United Kingdom,22469,HEART OF WICKER SMALL,40,1.45
2010-12-01 09:53:00,536384,18074,United Kingdom,22470,HEART OF WICKER LARGE,40,2.55
2010-12-01 09:53:00,536384,18074,United Kingdom,22224,WHITE LOVEBIRD LANTERN,6,2.95
2010-12-01 09:53:00,536384,18074,United Kingdom,21340,CLASSIC METAL BIRDCAGE PLANT HOLDER,2,12.75
2010-12-01 09:53:00,536384,18074,United Kingdom,22189,CREAM HEART CARD HOLDER,4,3.95
2010-12-01 09:53:00,536384,18074,United Kingdom,22427,ENAMEL FLOWER JUG CREAM,3,5.95
2010-12-01 09:53:00,536384,18074,United Kingdom,22428,ENAMEL FIRE BUCKET CREAM,6,6.95
2010-12-01 09:53:00,536384,18074,United Kingdom,22424,ENAMEL BREAD BIN CREAM,8,10.95
2010-12-01 09:56:00,536385,17420,United Kingdom,22783,SET 3 WICKER OVAL BASKETS W LIDS,1,19.95
2010-12-01 09:56:00,536385,17420,United Kingdom,22961,JAM MAKING SET PRINTED,12,1.45
2010-12-01 09:56:00,536385,17420,United Kingdom,22960,JAM MAKING SET WITH JARS,6,4.25
2010-12-01 09:56:00,536385,17420,United Kingdom,22663,JUMBO BAG DOLLY GIRL DESIGN,10,1.95
2010-12-01 09:56:00,536385,17420,United Kingdom,85049A,TRADITIONAL CHRISTMAS RIBBONS,12,1.25
2010-12-01 09:56:00,536385,17420,United Kingdom,22168,ORGANISER WOOD ANTIQUE WHITE ,2,8.5
2010-12-01 09:56:00,536385,17420,United Kingdom,22662,LUNCH BAG DOLLY GIRL DESIGN,10,1.65
2010-12-01 09:57:00,536386,16029,United Kingdom,84880,WHITE WIRE EGG HOLDER,36,4.95
2010-12-01 09:57:00,536386,16029,United Kingdom,85099C,JUMBO  BAG BAROQUE BLACK WHITE,100,1.65
2010-12-01 09:57:00,536386,16029,United Kingdom,85099B,JUMBO BAG RED RETROSPOT,100,1.65
2010-12-01 09:58:00,536387,16029,United Kingdom,79321,CHILLI LIGHTS,192,3.82
2010-12-01 09:58:00,536387,16029,United Kingdom,22780,LIGHT GARLAND BUTTERFILES PINK,192,3.37
2010-12-01 09:58:00,536387,16029,United Kingdom,22779,WOODEN OWLS LIGHT GARLAND ,192,3.37
2010-12-01 09:58:00,536387,16029,United Kingdom,22466,FAIRY TALE COTTAGE NIGHTLIGHT,432,1.45
2010-12-01 09:58:00,536387,16029,United Kingdom,21731,RED TOADSTOOL LED NIGHT LIGHT,432,1.25
2010-12-01 09:59:00,536388,16250,United Kingdom,21754,HOME BUILDING BLOCK WORD,3,5.95
2010-12-01 09:59:00,536388,16250,United Kingdom,21755,LOVE BUILDING BLOCK WORD,3,5.95
2010-12-01 09:59:00,536388,16250,United Kingdom,21523,DOORMAT FANCY FONT HOME SWEET HOME,2,7.95
2010-12-01 09:59:00,536388,16250,United Kingdom,21363,HOME SMALL WOOD LETTERS,3,4.95
2010-12-01 09:59:00,536388,16250,United Kingdom,21411,GINGHAM HEART  DOORSTOP RED,3,4.25
2010-12-01 09:59:00,536388,16250,United Kingdom,22318,FIVE HEART HANGING DECORATION,6,2.95
2010-12-01 09:59:00,536388,16250,United Kingdom,22464,HANGING METAL HEART LANTERN,12,1.65
2010-12-01 09:59:00,536388,16250,United Kingdom,22915,ASSORTED BOTTLE TOP  MAGNETS ,12,0.42
2010-12-01 09:59:00,536388,16250,United Kingdom,22922,FRIDGE MAGNETS US DINER ASSORTED,12,0.85
2010-12-01 09:59:00,536388,16250,United Kingdom,22969,HOMEMADE JAM SCENTED CANDLES,12,1.45
2010-12-01 09:59:00,536388,16250,United Kingdom,22923,FRIDGE MAGNETS LES ENFANTS ASSORTED,12,0.85
2010-12-01 09:59:00,536388,16250,United Kingdom,21115,ROSE CARAVAN DOORSTOP,4,6.75
2010-12-01 09:59:00,536388,16250,United Kingdom,22469,HEART OF WICKER SMALL,12,1.65
2010-12-01 09:59:00,536388,16250,United Kingdom,22242,5 HOOK HANGER MAGIC TOADSTOOL,12,1.65
2010-12-01 10:03:00,536389,12431,Australia,22941,CHRISTMAS LIGHTS 10 REINDEER,6,8.5
2010-12-01 10:03:00,536389,12431,Australia,21622,VINTAGE UNION JACK CUSHION COVER,8,4.95
2010-12-01 10:03:00,536389,12431,Australia,21791,VINTAGE HEADS AND TAILS CARD GAME ,12,1.25
2010-12-01 10:03:00,536389,12431,Australia,35004C,SET OF 3 COLOURED  FLYING DUCKS,6,5.45
2010-12-01 10:03:00,536389,12431,Australia,35004G,SET OF 3 GOLD FLYING DUCKS,4,6.35
2010-12-01 10:03:00,536389,12431,Australia,85014B,RED RETROSPOT UMBRELLA,6,5.95
2010-12-01 10:03:00,536389,12431,Australia,85014A,BLACK/BLUE POLKADOT UMBRELLA,3,5.95
2010-12-01 10:03:00,536389,12431,Australia,22193,RED DINER WALL CLOCK,2,8.5
2010-12-01 10:03:00,536389,12431,Australia,22726,ALARM CLOCK BAKELIKE GREEN,4,3.75
2010-12-01 10:03:00,536389,12431,Australia,22727,ALARM CLOCK BAKELIKE RED ,4,3.75
2010-12-01 10:03:00,536389,12431,Australia,22192,BLUE DINER WALL CLOCK,2,8.5
2010-12-01 10:03:00,536389,12431,Australia,22191,IVORY DINER WALL CLOCK,2,8.5
2010-12-01 10:03:00,536389,12431,Australia,22195,LARGE HEART MEASURING SPOONS,24,1.65
2010-12-01 10:03:00,536389,12431,Australia,22196,SMALL HEART MEASURING SPOONS,24,0.85
2010-12-01 10:19:00,536390,17511,United Kingdom,22941,CHRISTMAS LIGHTS 10 REINDEER,2,8.5
2010-12-01 10:19:00,536390,17511,United Kingdom,22960,JAM MAKING SET WITH JARS,12,3.75
2010-12-01 10:19:00,536390,17511,United Kingdom,22961,JAM MAKING SET PRINTED,12,1.45
2010-12-01 10:19:00,536390,17511,United Kingdom,22962,JAM JAR WITH PINK LID,48,0.72
2010-12-01 10:19:00,536390,17511,United Kingdom,22963,JAM JAR WITH GREEN LID,48,0.72
2010-12-01 10:19:00,536390,17511,United Kingdom,22968,ROSE COTTAGE KEEPSAKE BOX ,8,8.5
2010-12-01 10:19:00,536390,17511,United Kingdom,84970S,HANGING HEART ZINC T-LIGHT HOLDER,144,0.64
2010-12-01 10:19:00,536390,17511,United Kingdom,22910,PAPER CHAIN KIT VINTAGE CHRISTMAS,40,2.55
2010-12-01 10:19:00,536390,17511,United Kingdom,20668,DISCO BALL CHRISTMAS DECORATION,288,0.1
2010-12-01 10:19:00,536390,17511,United Kingdom,85123A,WHITE HANGING HEART T-LIGHT HOLDER,64,2.55
2010-12-01 10:19:00,536390,17511,United Kingdom,22197,SMALL POPCORN HOLDER,100,0.72
2010-12-01 10:19:00,536390,17511,United Kingdom,22198,LARGE POPCORN HOLDER ,50,1.45
2010-12-01 10:19:00,536390,17511,United Kingdom,21533,RETROSPOT LARGE MILK JUG,12,4.25
2010-12-01 10:19:00,536390,17511,United Kingdom,21080,SET/20 RED RETROSPOT PAPER NAPKINS ,96,0.64
2010-12-01 10:19:00,536390,17511,United Kingdom,21094,SET/6 RED SPOTTY PAPER PLATES,96,0.64
2010-12-01 10:19:00,536390,17511,United Kingdom,21086,SET/6 RED SPOTTY PAPER CUPS,48,0.65
2010-12-01 10:19:00,536390,17511,United Kingdom,21786,POLKADOT RAIN HAT ,144,0.32
2010-12-01 10:19:00,536390,17511,United Kingdom,22654,DELUXE SEWING KIT ,40,4.95
2010-12-01 10:19:00,536390,17511,United Kingdom,21485,RETROSPOT HEART HOT WATER BOTTLE,24,4.25
2010-12-01 10:19:00,536390,17511,United Kingdom,84029G,KNITTED UNION FLAG HOT WATER BOTTLE,24,3.39
2010-12-01 10:19:00,536390,17511,United Kingdom,84030E,ENGLISH ROSE HOT WATER BOTTLE,24,3.75
2010-12-01 10:19:00,536390,17511,United Kingdom,22174,PHOTO CUBE,48,1.48
2010-12-01 10:19:00,536390,17511,United Kingdom,22969,HOMEMADE JAM SCENTED CANDLES,96,1.25
2010-12-01 10:19:00,536390,17511,United Kingdom,85099B,JUMBO BAG RED RETROSPOT,100,1.65
2010-12-01 10:24:00,C536391,17548,United Kingdom,22556,PLASTERS IN TIN CIRCUS PARADE ,-12,1.65
2010-12-01 10:24:00,C536391,17548,United Kingdom,21984,PACK OF 12 PINK PAISLEY TISSUES ,-24,0.29
2010-12-01 10:24:00,C536391,17548,United Kingdom,21983,PACK OF 12 BLUE PAISLEY TISSUES ,-24,0.29
2010-12-01 10:24:00,C536391,17548,United Kingdom,21980,PACK OF 12 RED RETROSPOT TISSUES ,-24,0.29
2010-12-01 10:24:00,C536391,17548,United Kingdom,21484,CHICK GREY HOT WATER BOTTLE,-12,3.45
2010-12-01 10:24:00,C536391,17548,United Kingdom,22557,PLASTERS IN TIN VINTAGE PAISLEY ,-12,1.65
2010-12-01 10:24:00,C536391,17548,United Kingdom,22553,PLASTERS IN TIN SKULLS,-24,1.65
2010-12-01 10:29:00,536392,13705,United Kingdom,22150,3 STRIPEY MICE FELTCRAFT,6,1.95
2010-12-01 10:29:00,536392,13705,United Kingdom,22619,SET OF 6 SOLDIER SKITTLES,4,3.75
2010-12-01 10:29:00,536392,13705,United Kingdom,21891,TRADITIONAL WOODEN SKIPPING ROPE,12,1.25
2010-12-01 10:29:00,536392,13705,United Kingdom,21889,WOODEN BOX OF DOMINOES,12,1.25
2010-12-01 10:29:00,536392,13705,United Kingdom,22827,RUSTIC  SEVENTEEN DRAWER SIDEBOARD,1,165.0
2010-12-01 10:29:00,536392,13705,United Kingdom,22127,PARTY CONES CARNIVAL ASSORTED,12,1.25
2010-12-01 10:29:00,536392,13705,United Kingdom,22128,PARTY CONES CANDY ASSORTED,12,1.25
2010-12-01 10:29:00,536392,13705,United Kingdom,22502,PICNIC BASKET WICKER SMALL,4,5.95
2010-12-01 10:29:00,536392,13705,United Kingdom,84879,ASSORTED COLOUR BIRD ORNAMENT,16,1.69
2010-12-01 10:29:00,536392,13705,United Kingdom,22338,STAR DECORATION PAINTED ZINC ,24,0.65
2010-12-01 10:37:00,536393,13747,United Kingdom,22180,RETROSPOT LAMP,8,9.95
2010-12-01 10:39:00,536394,13408,United Kingdom,21506,"FANCY FONT BIRTHDAY CARD, ",24,0.42
2010-12-01 10:39:00,536394,13408,United Kingdom,22633,HAND WARMER UNION JACK,96,1.85
2010-12-01 10:39:00,536394,13408,United Kingdom,22866,HAND WARMER SCOTTY DOG DESIGN,96,1.85
2010-12-01 10:39:00,536394,13408,United Kingdom,22865,HAND WARMER OWL DESIGN,96,1.85
2010-12-01 10:39:00,536394,13408,United Kingdom,22632,HAND WARMER RED RETROSPOT,96,1.85
2010-12-01 10:39:00,536394,13408,United Kingdom,21485,RETROSPOT HEART HOT WATER BOTTLE,12,4.95
2010-12-01 10:39:00,536394,13408,United Kingdom,22349,DOG BOWL CHASING BALL DESIGN,12,3.75
2010-12-01 10:39:00,536394,13408,United Kingdom,22558,CLOTHES PEGS RETROSPOT PACK 24 ,48,1.25
2010-12-01 10:39:00,536394,13408,United Kingdom,85152,HAND OVER THE CHOCOLATE   SIGN ,12,2.1
2010-12-01 10:39:00,536394,13408,United Kingdom,85123A,WHITE HANGING HEART T-LIGHT HOLDER,32,2.55
2010-12-01 10:39:00,536394,13408,United Kingdom,22652,TRAVEL SEWING KIT,20,1.65
2010-12-01 10:47:00,536395,13767,United Kingdom,22188,BLACK HEART CARD HOLDER,8,3.95
2010-12-01 10:47:00,536395,13767,United Kingdom,84879,ASSORTED COLOUR BIRD ORNAMENT,32,1.69
2010-12-01 10:47:00,536395,13767,United Kingdom,21977,PACK OF 60 PINK PAISLEY CAKE CASES,24,0.55
2010-12-01 10:47:00,536395,13767,United Kingdom,84991,60 TEATIME FAIRY CAKE CASES,24,0.55
2010-12-01 10:47:00,536395,13767,United Kingdom,21212,PACK OF 72 RETROSPOT CAKE CASES,24,0.55
2010-12-01 10:47:00,536395,13767,United Kingdom,21484,CHICK GREY HOT WATER BOTTLE,8,3.45
2010-12-01 10:47:00,536395,13767,United Kingdom,21314,SMALL GLASS HEART TRINKET POT,8,2.1
2010-12-01 10:47:00,536395,13767,United Kingdom,22730,ALARM CLOCK BAKELIKE IVORY,4,3.75
2010-12-01 10:47:00,536395,13767,United Kingdom,22727,ALARM CLOCK BAKELIKE RED ,8,3.75
2010-12-01 10:47:00,536395,13767,United Kingdom,22729,ALARM CLOCK BAKELIKE ORANGE,8,3.75
2010-12-01 10:47:00,536395,13767,United Kingdom,22726,ALARM CLOCK BAKELIKE GREEN,8,3.75
2010-12-01 10:47:00,536395,13767,United Kingdom,22114,HOT WATER BOTTLE TEA AND SYMPATHY,8,3.95
2010-12-01 10:47:00,536395,13767,United Kingdom,22867,HAND WARMER BIRD DESIGN,48,2.1
2010-12-01 10:47:00,536395,13767,United Kingdom,22866,HAND WARMER SCOTTY DOG DESIGN,48,2.1
2010-12-01 10:51:00,536396,17850,United Kingdom,85123A,WHITE HANGING HEART T-LIGHT HOLDER,6,2.55
2010-12-01 10:51:00,536396,17850,United Kingdom,71053,WHITE METAL LANTERN,6,3.39
2010-12-01 10:51:00,536396,17850,United Kingdom,84406B,CREAM CUPID HEARTS COAT HANGER,8,2.75
2010-12-01 10:51:00,536396,17850,United Kingdom,15056BL,EDWARDIAN PARASOL BLACK,6,4.95
2010-12-01 10:51:00,536396,17850,United Kingdom,20679,EDWARDIAN PARASOL RED,6,4.95
2010-12-01 10:51:00,536396,17850,United Kingdom,37370,RETRO COFFEE MUGS ASSORTED,6,1.06
2010-12-01 10:51:00,536396,17850,United Kingdom,21871,SAVE THE PLANET MUG,6,1.06
2010-12-01 10:51:00,536396,17850,United Kingdom,21071,VINTAGE BILLBOARD DRINK ME MUG,6,1.06
2010-12-01 10:51:00,536396,17850,United Kingdom,21068,VINTAGE BILLBOARD LOVE/HATE MUG,6,1.06
2010-12-01 10:51:00,536396,17850,United Kingdom,82483,WOOD 2 DRAWER CABINET WHITE FINISH,2,4.95
2010-12-01 10:51:00,536396,17850,United Kingdom,82486,WOOD S/3 CABINET ANT WHITE FINISH,4,6.95
2010-12-01 10:51:00,536396,17850,United Kingdom,82482,WOODEN PICTURE FRAME WHITE FINISH,6,2.1
2010-12-01 10:51:00,536396,17850,United Kingdom,82494L,WOODEN FRAME ANTIQUE WHITE ,12,2.55
2010-12-01 10:51:00,536396,17850,United Kingdom,84029G,KNITTED UNION FLAG HOT WATER BOTTLE,6,3.39
2010-12-01 10:51:00,536396,17850,United Kingdom,84029E,RED WOOLLY HOTTIE WHITE HEART.,6,3.39
2010-12-01 10:51:00,536396,17850,United Kingdom,22752,SET 7 BABUSHKA NESTING BOXES,2,7.65
2010-12-01 10:51:00,536396,17850,United Kingdom,22803,IVORY EMBROIDERED QUILT ,2,35.75
2010-12-01 10:51:00,536396,17850,United Kingdom,21730,GLASS STAR FROSTED T-LIGHT HOLDER,6,4.25
2010-12-01 10:51:00,536397,17924,United Kingdom,35004B,SET OF 3 BLACK FLYING DUCKS,12,4.65
2010-12-01 10:51:00,536397,17924,United Kingdom,35004C,SET OF 3 COLOURED  FLYING DUCKS,48,4.65
2010-12-01 10:52:00,536398,13448,United Kingdom,21980,PACK OF 12 RED RETROSPOT TISSUES ,24,0.29
2010-12-01 10:52:00,536398,13448,United Kingdom,21844,RED RETROSPOT MUG,6,2.95
2010-12-01 10:52:00,536398,13448,United Kingdom,22468,BABUSHKA LIGHTS STRING OF 10,4,6.75
2010-12-01 10:52:00,536398,13448,United Kingdom,22637,PIGGY BANK RETROSPOT ,8,2.55
2010-12-01 10:52:00,536398,13448,United Kingdom,22752,SET 7 BABUSHKA NESTING BOXES,6,8.5
2010-12-01 10:52:00,536398,13448,United Kingdom,48185,DOORMAT FAIRY CAKE,2,7.95
2010-12-01 10:52:00,536398,13448,United Kingdom,22632,HAND WARMER RED RETROSPOT,12,2.1
2010-12-01 10:52:00,536398,13448,United Kingdom,22866,HAND WARMER SCOTTY DOG DESIGN,12,2.1
2010-12-01 10:52:00,536398,13448,United Kingdom,22865,HAND WARMER OWL DESIGN,12,2.1
2010-12-01 10:52:00,536398,13448,United Kingdom,21232,STRAWBERRY CERAMIC TRINKET BOX,12,1.25
2010-12-01 10:52:00,536398,13448,United Kingdom,22064,PINK DOUGHNUT TRINKET POT ,12,1.65
2010-12-01 10:52:00,536398,13448,United Kingdom,22449,SILK PURSE BABUSHKA PINK,6,3.35
2010-12-01 10:52:00,536398,13448,United Kingdom,22114,HOT WATER BOTTLE TEA AND SYMPATHY,4,3.95
2010-12-01 10:52:00,536398,13448,United Kingdom,22835,HOT WATER BOTTLE I AM SO POORLY,8,4.65
2010-12-01 10:52:00,536398,13448,United Kingdom,22112,CHOCOLATE HOT WATER BOTTLE,9,4.95
2010-12-01 10:52:00,536398,13448,United Kingdom,21479,WHITE SKULL HOT WATER BOTTLE ,4,3.75
2010-12-01 10:52:00,536398,13448,United Kingdom,22111,SCOTTIE DOG HOT WATER BOTTLE,9,4.95
2010-12-01 10:52:00,536399,17850,United Kingdom,22632,HAND WARMER RED POLKA DOT,6,1.85
2010-12-01 10:52:00,536399,17850,United Kingdom,22633,HAND WARMER UNION JACK,6,1.85
2010-12-01 10:53:00,536400,13448,United Kingdom,22969,HOMEMADE JAM SCENTED CANDLES,12,1.45
2010-12-01 11:21:00,536401,15862,United Kingdom,22110,BIRD HOUSE HOT WATER BOTTLE,1,2.55
2010-12-01 11:21:00,536401,15862,United Kingdom,22098,BOUDOIR SQUARE TISSUE BOX,1,1.25
2010-12-01 11:21:00,536401,15862,United Kingdom,22100,SKULLS SQUARE TISSUE BOX,2,1.25
2010-12-01 11:21:00,536401,15862,United Kingdom,22766,PHOTO FRAME CORNICE,1,2.95
2010-12-01 11:21:00,536401,15862,United Kingdom,22451,SILK PURSE BABUSHKA RED,1,3.35
2010-12-01 11:21:00,536401,15862,United Kingdom,22549,PICTURE DOMINOES,1,1.45
2010-12-01 11:21:00,536401,15862,United Kingdom,84744,S/6 SEW ON CROCHET FLOWERS,1,1.25
2010-12-01 11:21:00,536401,15862,United Kingdom,85049E,SCANDINAVIAN REDS RIBBONS,2,1.25
2010-12-01 11:21:00,536401,15862,United Kingdom,21328,BALLOONS  WRITING SET ,1,1.65
2010-12-01 11:21:00,536401,15862,United Kingdom,22961,JAM MAKING SET PRINTED,4,1.45
2010-12-01 11:21:00,536401,15862,United Kingdom,17091A,LAVENDER INCENSE IN TIN,1,1.25
2010-12-01 11:21:00,536401,15862,United Kingdom,22473,TV DINNER TRAY VINTAGE PAISLEY,1,4.95
2010-12-01 11:21:00,536401,15862,United Kingdom,84509A,SET OF 4 ENGLISH ROSE PLACEMATS,2,3.75
2010-12-01 11:21:00,536401,15862,United Kingdom,84510A,SET OF 4 ENGLISH ROSE COASTERS,2,1.25
2010-12-01 11:21:00,536401,15862,United Kingdom,22767,TRIPLE PHOTO FRAME CORNICE ,2,9.95
2010-12-01 11:21:00,536401,15862,United Kingdom,22768,FAMILY PHOTO FRAME CORNICE,1,9.95
2010-12-01 11:21:00,536401,15862,United Kingdom,21463,MIRRORED DISCO BALL ,1,5.95
2010-12-01 11:21:00,536401,15862,United Kingdom,21464,DISCO BALL ROTATOR BATTERY OPERATED,1,4.25
2010-12-01 11:21:00,536401,15862,United Kingdom,20820,SILVER LOOKING MIRROR,3,4.95
2010-12-01 11:21:00,536401,15862,United Kingdom,85150,LADIES & GENTLEMEN METAL SIGN,1,2.55
2010-12-01 11:21:00,536401,15862,United Kingdom,22117,METAL SIGN HER DINNER IS SERVED ,1,2.95
2010-12-01 11:21:00,536401,15862,United Kingdom,21169,YOU'RE CONFUSING ME METAL SIGN ,2,1.69
2010-12-01 11:21:00,536401,15862,United Kingdom,48129,DOORMAT TOPIARY,1,7.95
2010-12-01 11:21:00,536401,15862,United Kingdom,82580,BATHROOM METAL SIGN,1,0.55
2010-12-01 11:21:00,536401,15862,United Kingdom,82578,KITCHEN METAL SIGN,1,0.55
2010-12-01 11:21:00,536401,15862,United Kingdom,82581,TOILET METAL SIGN,2,0.55
2010-12-01 11:21:00,536401,15862,United Kingdom,22413,METAL SIGN TAKE IT OR LEAVE IT ,4,2.95
2010-12-01 11:21:00,536401,15862,United Kingdom,21907,I'M ON HOLIDAY METAL SIGN,2,2.1
2010-12-01 11:21:00,536401,15862,United Kingdom,22441,GROW YOUR OWN BASIL IN ENAMEL MUG,1,2.1
2010-12-01 11:21:00,536401,15862,United Kingdom,21122,SET/10 PINK POLKADOT PARTY CANDLES,1,1.25
2010-12-01 11:21:00,536401,15862,United Kingdom,22851,SET 20 NAPKINS FAIRY CAKES DESIGN ,1,0.85
2010-12-01 11:21:00,536401,15862,United Kingdom,84991,60 TEATIME FAIRY CAKE CASES,3,0.55
2010-12-01 11:21:00,536401,15862,United Kingdom,22810,SET OF 6 T-LIGHTS SNOWMEN,1,2.95
2010-12-01 11:21:00,536401,15862,United Kingdom,22809,SET OF 6 T-LIGHTS SANTA,1,2.95
2010-12-01 11:21:00,536401,15862,United Kingdom,22435,SET OF 9 HEART SHAPED BALLOONS,2,1.25
2010-12-01 11:21:00,536401,15862,United Kingdom,20966,SANDWICH BATH SPONGE,3,1.25
2010-12-01 11:21:00,536401,15862,United Kingdom,20963,APPLE BATH SPONGE,1,1.25
2010-12-01 11:21:00,536401,15862,United Kingdom,20961,STRAWBERRY BATH SPONGE ,1,1.25
2010-12-01 11:21:00,536401,15862,United Kingdom,22068,BLACK PIRATE TREASURE CHEST,2,1.65
2010-12-01 11:21:00,536401,15862,United Kingdom,21743,STAR PORTABLE TABLE LIGHT ,2,2.95
2010-12-01 11:21:00,536401,15862,United Kingdom,21744,SNOWFLAKE PORTABLE TABLE LIGHT ,2,2.95
2010-12-01 11:21:00,536401,15862,United Kingdom,84709B,PINK OVAL JEWELLED MIRROR,1,5.95
2010-12-01 11:21:00,536401,15862,United Kingdom,21592,RETROSPOT CIGAR BOX MATCHES ,1,1.25
2010-12-01 11:21:00,536401,15862,United Kingdom,21587,COSY HOUR GIANT TUBE MATCHES,2,2.55
2010-12-01 11:21:00,536401,15862,United Kingdom,20992,JAZZ HEARTS PURSE NOTEBOOK,9,0.85
2010-12-01 11:21:00,536401,15862,United Kingdom,22662,LUNCH BAG DOLLY GIRL DESIGN,1,1.65
2010-12-01 11:21:00,536401,15862,United Kingdom,85123A,WHITE HANGING HEART T-LIGHT HOLDER,4,2.95
2010-12-01 11:21:00,536401,15862,United Kingdom,22804,CANDLEHOLDER PINK HANGING HEART,3,2.95
2010-12-01 11:21:00,536401,15862,United Kingdom,82483,WOOD 2 DRAWER CABINET WHITE FINISH,1,5.95
2010-12-01 11:21:00,536401,15862,United Kingdom,20749,ASSORTED COLOUR MINI CASES,1,7.95
2010-12-01 11:21:00,536401,15862,United Kingdom,20725,LUNCH BAG RED RETROSPOT,1,1.65
2010-12-01 11:21:00,536401,15862,United Kingdom,22382,LUNCH BAG SPACEBOY DESIGN ,2,1.65
2010-12-01 11:21:00,536401,15862,United Kingdom,20726,LUNCH BAG WOODLAND,1,1.65
2010-12-01 11:21:00,536401,15862,United Kingdom,22384,LUNCH BAG PINK POLKADOT,1,1.65
2010-12-01 11:21:00,536401,15862,United Kingdom,22467,GUMBALL COAT RACK,5,2.55
2010-12-01 11:21:00,536401,15862,United Kingdom,84625C,BLUE NEW BAROQUE CANDLESTICK CANDLE,3,2.95
2010-12-01 11:21:00,536401,15862,United Kingdom,84625A,PINK NEW BAROQUECANDLESTICK CANDLE,3,2.95
2010-12-01 11:21:00,536401,15862,United Kingdom,21108,FAIRY CAKE FLANNEL ASSORTED COLOUR,9,2.55
2010-12-01 11:21:00,536401,15862,United Kingdom,22848,BREAD BIN DINER STYLE PINK,1,16.95
2010-12-01 11:21:00,536401,15862,United Kingdom,21033,JUMBO BAG CHARLIE AND LOLA TOYS,4,2.95
2010-12-01 11:21:00,536401,15862,United Kingdom,47570B,TEA TIME TABLE CLOTH,1,10.65
2010-12-01 11:21:00,536401,15862,United Kingdom,84030E,ENGLISH ROSE HOT WATER BOTTLE,1,4.25
2010-12-01 11:21:00,536401,15862,United Kingdom,22428,ENAMEL FIRE BUCKET CREAM,2,6.95
2010-12-01 11:21:00,536401,15862,United Kingdom,22502,PICNIC BASKET WICKER SMALL,2,5.95
2010-12-01 11:22:00,536402,15513,United Kingdom,22086,PAPER CHAIN KIT 50'S CHRISTMAS ,40,2.55
2010-12-01 11:22:00,536402,15513,United Kingdom,22910,PAPER CHAIN KIT VINTAGE CHRISTMAS,40,2.55
2010-12-01 11:22:00,536402,15513,United Kingdom,22837,HOT WATER BOTTLE BABUSHKA ,36,4.25
2010-12-01 11:27:00,536403,12791,Netherlands,22867,HAND WARMER BIRD DESIGN,96,1.85
2010-12-01 11:27:00,536403,12791,Netherlands,POST,POSTAGE,1,15.0
2010-12-01 11:29:00,536404,16218,United Kingdom,22297,HEART IVORY TRELLIS SMALL,24,1.25
2010-12-01 11:29:00,536404,16218,United Kingdom,22771,CLEAR DRAWER KNOB ACRYLIC EDWARDIAN,12,1.25
2010-12-01 11:29:00,536404,16218,United Kingdom,22772,PINK DRAWER KNOB ACRYLIC EDWARDIAN,12,1.25
2010-12-01 11:29:00,536404,16218,United Kingdom,22773,GREEN DRAWER KNOB ACRYLIC EDWARDIAN,12,1.25
2010-12-01 11:29:00,536404,16218,United Kingdom,22805,BLUE DRAWER KNOB ACRYLIC EDWARDIAN,12,1.25
2010-12-01 11:29:00,536404,16218,United Kingdom,22469,HEART OF WICKER SMALL,12,1.65
2010-12-01 11:29:00,536404,16218,United Kingdom,22197,SMALL POPCORN HOLDER,36,0.85
2010-12-01 11:29:00,536404,16218,United Kingdom,21125,SET 6 FOOTBALL CELEBRATION CANDLES,12,1.25
2010-12-01 11:29:00,536404,16218,United Kingdom,21126,SET OF 6 GIRLS CELEBRATION CANDLES,12,1.25
2010-12-01 11:29:00,536404,16218,United Kingdom,85049C,ROMANTIC PINKS RIBBONS ,12,1.25
2010-12-01 11:29:00,536404,16218,United Kingdom,85049D,BRIGHT BLUES RIBBONS ,12,1.25
2010-12-01 11:29:00,536404,16218,United Kingdom,85049E,SCANDINAVIAN REDS RIBBONS,12,1.25
2010-12-01 11:29:00,536404,16218,United Kingdom,85049G,CHOCOLATE BOX RIBBONS ,12,1.25
2010-12-01 11:29:00,536404,16218,United Kingdom,21061,PARTY INVITES FOOTBALL,12,0.85
2010-12-01 11:29:00,536404,16218,United Kingdom,21063,PARTY INVITES JAZZ HEARTS,12,0.85
2010-12-01 11:29:00,536404,16218,United Kingdom,21062,PARTY INVITES SPACEMAN,12,0.85
2010-12-01 11:29:00,536404,16218,United Kingdom,84380,SET OF 3 BUTTERFLY COOKIE CUTTERS,12,1.25
2010-12-01 11:29:00,536404,16218,United Kingdom,84378,SET OF 3 HEART COOKIE CUTTERS,12,1.25
2010-12-01 11:29:00,536404,16218,United Kingdom,22964,3 PIECE SPACEBOY COOKIE CUTTER SET,12,2.1
2010-12-01 11:29:00,536404,16218,United Kingdom,21213,PACK OF 72 SKULL CAKE CASES,24,0.55
2010-12-01 11:29:00,536404,16218,United Kingdom,22417,PACK OF 60 SPACEBOY CAKE CASES,24,0.55
2010-12-01 11:29:00,536404,16218,United Kingdom,21212,PACK OF 72 RETROSPOT CAKE CASES,24,0.55
2010-12-01 11:29:00,536404,16218,United Kingdom,84992,72 SWEETHEART FAIRY CAKE CASES,24,0.55
2010-12-01 11:29:00,536404,16218,United Kingdom,21975,PACK OF 60 DINOSAUR CAKE CASES,24,0.55
2010-12-01 11:29:00,536404,16218,United Kingdom,22383,LUNCH BAG SUKI  DESIGN ,10,1.65
2010-12-01 11:29:00,536404,16218,United Kingdom,20728,LUNCH BAG CARS BLUE,10,1.65
2010-12-01 11:29:00,536404,16218,United Kingdom,20727,LUNCH BAG  BLACK SKULL.,10,1.65
2010-12-01 11:29:00,536404,16218,United Kingdom,22296,HEART IVORY TRELLIS LARGE,24,1.65
2010-12-01 11:32:00,536405,14045,United Kingdom,20914,SET/5 RED RETROSPOT LID GLASS BOWLS,128,2.55
2010-12-01 11:33:00,536406,17850,United Kingdom,85123A,WHITE HANGING HEART T-LIGHT HOLDER,8,2.55
2010-12-01 11:33:00,536406,17850,United Kingdom,71053,WHITE METAL LANTERN,8,3.39
2010-12-01 11:33:00,536406,17850,United Kingdom,84406B,CREAM CUPID HEARTS COAT HANGER,8,2.75
2010-12-01 11:33:00,536406,17850,United Kingdom,20679,EDWARDIAN PARASOL RED,6,4.95
2010-12-01 11:33:00,536406,17850,United Kingdom,37370,RETRO COFFEE MUGS ASSORTED,6,1.06
2010-12-01 11:33:00,536406,17850,United Kingdom,21871,SAVE THE PLANET MUG,6,1.06
2010-12-01 11:33:00,536406,17850,United Kingdom,21071,VINTAGE BILLBOARD DRINK ME MUG,6,1.06
2010-12-01 11:33:00,536406,17850,United Kingdom,21068,VINTAGE BILLBOARD LOVE/HATE MUG,6,1.06
2010-12-01 11:33:00,536406,17850,United Kingdom,82483,WOOD 2 DRAWER CABINET WHITE FINISH,4,4.95
2010-12-01 11:33:00,536406,17850,United Kingdom,82486,WOOD S/3 CABINET ANT WHITE FINISH,4,6.95
2010-12-01 11:33:00,536406,17850,United Kingdom,82482,WOODEN PICTURE FRAME WHITE FINISH,6,2.1
2010-12-01 11:33:00,536406,17850,United Kingdom,82494L,WOODEN FRAME ANTIQUE WHITE ,6,2.55
2010-12-01 11:33:00,536406,17850,United Kingdom,84029G,KNITTED UNION FLAG HOT WATER BOTTLE,6,3.39
2010-12-01 11:33:00,536406,17850,United Kingdom,84029E,RED WOOLLY HOTTIE WHITE HEART.,6,3.39
2010-12-01 11:33:00,536406,17850,United Kingdom,22752,SET 7 BABUSHKA NESTING BOXES,2,7.65
2010-12-01 11:33:00,536406,17850,United Kingdom,22803,IVORY EMBROIDERED QUILT ,2,35.75
2010-12-01 11:33:00,536406,17850,United Kingdom,21730,GLASS STAR FROSTED T-LIGHT HOLDER,6,4.25
2010-12-01 11:34:00,536407,17850,United Kingdom,22632,HAND WARMER RED POLKA DOT,6,1.85
2010-12-01 11:34:00,536407,17850,United Kingdom,22633,HAND WARMER UNION JACK,6,1.85
2010-12-01 11:41:00,536408,14307,United Kingdom,22537,MAGIC DRAWING SLATE DINOSAUR,24,0.42
2010-12-01 11:41:00,536408,14307,United Kingdom,22533,MAGIC DRAWING SLATE BAKE A CAKE ,24,0.42
2010-12-01 11:41:00,536408,14307,United Kingdom,20982,12 PENCILS TALL TUBE SKULLS,12,0.85
2010-12-01 11:41:00,536408,14307,United Kingdom,21832,CHOCOLATE CALCULATOR,12,1.65
2010-12-01 11:41:00,536408,14307,United Kingdom,21915,RED  HARMONICA IN BOX ,12,1.25
2010-12-01 11:41:00,536408,14307,United Kingdom,21914,BLUE HARMONICA IN BOX ,12,1.25
2010-12-01 11:41:00,536408,14307,United Kingdom,21544,SKULLS  WATER TRANSFER TATTOOS ,12,0.85
2010-12-01 11:41:00,536408,14307,United Kingdom,22813,PACK 3 BOXES BIRD PANNETONE ,12,1.95
2010-12-01 11:41:00,536408,14307,United Kingdom,22114,HOT WATER BOTTLE TEA AND SYMPATHY,4,3.95
2010-12-01 11:41:00,536408,14307,United Kingdom,84029E,RED WOOLLY HOTTIE WHITE HEART.,4,3.75
2010-12-01 11:41:00,536408,14307,United Kingdom,21479,WHITE SKULL HOT WATER BOTTLE ,4,3.75
2010-12-01 11:41:00,536408,14307,United Kingdom,22964,3 PIECE SPACEBOY COOKIE CUTTER SET,6,2.1
2010-12-01 11:41:00,536408,14307,United Kingdom,84375,SET OF 20 KIDS COOKIE CUTTERS,12,2.1
2010-12-01 11:41:00,536408,14307,United Kingdom,22418,10 COLOUR SPACEBOY PEN,24,0.85
2010-12-01 11:41:00,536408,14307,United Kingdom,22178,VICTORIAN GLASS HANGING T-LIGHT,12,1.25
2010-12-01 11:41:00,536408,14307,United Kingdom,84970L,SINGLE HEART ZINC T-LIGHT HOLDER,12,0.95
2010-12-01 11:41:00,536408,14307,United Kingdom,21733,RED HANGING HEART T-LIGHT HOLDER,6,2.95
2010-12-01 11:41:00,536408,14307,United Kingdom,22465,HANGING METAL STAR LANTERN,12,1.65
2010-12-01 11:41:00,536408,14307,United Kingdom,84949,SILVER HANGING T-LIGHT HOLDER,6,1.65
2010-12-01 11:41:00,536408,14307,United Kingdom,20685,DOORMAT RED RETROSPOT,2,7.95
2010-12-01 11:41:00,536408,14307,United Kingdom,48194,DOORMAT HEARTS,2,7.95
2010-12-01 11:41:00,536408,14307,United Kingdom,22488,NATURAL SLATE RECTANGLE CHALKBOARD,12,1.65
2010-12-01 11:41:00,536408,14307,United Kingdom,22219,LOVEBIRD HANGING DECORATION WHITE ,12,0.85
2010-12-01 11:41:00,536408,14307,United Kingdom,84879,ASSORTED COLOUR BIRD ORNAMENT,8,1.69
2010-12-01 11:41:00,536408,14307,United Kingdom,21754,HOME BUILDING BLOCK WORD,3,5.95
2010-12-01 11:41:00,536408,14307,United Kingdom,21755,LOVE BUILDING BLOCK WORD,3,5.95
2010-12-01 11:41:00,536408,14307,United Kingdom,22766,PHOTO FRAME CORNICE,8,2.95
2010-12-01 11:41:00,536408,14307,United Kingdom,22610,PENS ASSORTED FUNNY FACE,36,0.85
2010-12-01 11:41:00,536408,14307,United Kingdom,22716,CARD CIRCUS PARADE,12,0.42
2010-12-01 11:41:00,536408,14307,United Kingdom,22706,WRAP COWBOYS  ,25,0.42
2010-12-01 11:41:00,536408,14307,United Kingdom,22371,AIRLINE BAG VINTAGE TOKYO 78,4,4.25
2010-12-01 11:41:00,536408,14307,United Kingdom,85014B,RED RETROSPOT UMBRELLA,3,5.95
2010-12-01 11:41:00,536408,14307,United Kingdom,85014A,BLACK/BLUE POLKADOT UMBRELLA,3,5.95
2010-12-01 11:41:00,536408,14307,United Kingdom,84997B,RED 3 PIECE RETROSPOT CUTLERY SET,6,3.75
2010-12-01 11:41:00,536408,14307,United Kingdom,21212,PACK OF 72 RETROSPOT CAKE CASES,24,0.55
2010-12-01 11:41:00,536408,14307,United Kingdom,21210,SET OF 72 RETROSPOT PAPER  DOILIES,12,1.45
2010-12-01 11:41:00,536408,14307,United Kingdom,22914,BLUE COAT RACK PARIS FASHION,3,4.95
2010-12-01 11:41:00,536408,14307,United Kingdom,22553,PLASTERS IN TIN SKULLS,12,1.65
2010-12-01 11:41:00,536408,14307,United Kingdom,16237,SLEEPING CAT ERASERS,30,0.21
2010-12-01 11:41:00,536408,14307,United Kingdom,22714,CARD BIRTHDAY COWBOY,12,0.42
2010-12-01 11:41:00,536408,14307,United Kingdom,22812,PACK 3 BOXES CHRISTMAS PANNETONE,12,1.95
2010-12-01 11:41:00,536408,14307,United Kingdom,84347,ROTATING SILVER ANGELS T-LIGHT HLDR,6,2.55
2010-12-01 11:41:00,536408,14307,United Kingdom,21587,COSY HOUR GIANT TUBE MATCHES,12,2.55
2010-12-01 11:41:00,536408,14307,United Kingdom,22736,RIBBON REEL MAKING SNOWMEN ,10,1.65
2010-12-01 11:41:00,536408,14307,United Kingdom,22492,MINI PAINT SET VINTAGE ,36,0.65
2010-12-01 11:41:00,536408,14307,United Kingdom,22620,4 TRADITIONAL SPINNING TOPS,12,1.25
2010-12-01 11:41:00,536408,14307,United Kingdom,22619,SET OF 6 SOLDIER SKITTLES,4,3.75
2010-12-01 11:41:00,536408,14307,United Kingdom,21705,BAG 500g SWIRLY MARBLES,12,1.65
2010-12-01 11:45:00,536409,17908,United Kingdom,90199C,5 STRAND GLASS NECKLACE CRYSTAL,3,6.35
2010-12-01 11:45:00,536409,17908,United Kingdom,21479,WHITE SKULL HOT WATER BOTTLE ,1,3.75
2010-12-01 11:45:00,536409,17908,United Kingdom,22111,SCOTTIE DOG HOT WATER BOTTLE,1,4.95
2010-12-01 11:45:00,536409,17908,United Kingdom,22785,SQUARECUSHION COVER PINK UNION FLAG,1,6.75
2010-12-01 11:45:00,536409,17908,United Kingdom,22975,SPACEBOY CHILDRENS EGG CUP,1,1.25
2010-12-01 11:45:00,536409,17908,United Kingdom,22972,CHILDREN'S SPACEBOY MUG,1,1.65
2010-12-01 11:45:00,536409,17908,United Kingdom,22866,HAND WARMER SCOTTY DOG DESIGN,1,2.1
2010-12-01 11:45:00,536409,17908,United Kingdom,22568,FELTCRAFT CUSHION OWL,1,3.75
2010-12-01 11:45:00,536409,17908,United Kingdom,85116,BLACK CANDELABRA T-LIGHT HOLDER,1,2.1
2010-12-01 11:45:00,536409,17908,United Kingdom,22664,TOY TIDY DOLLY GIRL DESIGN,1,2.1
2010-12-01 11:45:00,536409,17908,United Kingdom,21609,SET 12 LAVENDER  BOTANICAL T-LIGHTS,1,2.95
2010-12-01 11:45:00,536409,17908,United Kingdom,21866,UNION JACK FLAG LUGGAGE TAG,1,1.25
2010-12-01 11:45:00,536409,17908,United Kingdom,20669,RED HEART LUGGAGE TAG,1,1.25
2010-12-01 11:45:00,536409,17908,United Kingdom,90129F,RED GLASS TASSLE BAG CHARM,1,2.95
2010-12-01 11:45:00,536409,17908,United Kingdom,90210B,CLEAR ACRYLIC FACETED BANGLE,1,2.95
2010-12-01 11:45:00,536409,17908,United Kingdom,90199C,5 STRAND GLASS NECKLACE CRYSTAL,1,6.35
2010-12-01 11:45:00,536409,17908,United Kingdom,21955,DOORMAT UNION JACK GUNS AND ROSES,1,7.95
2010-12-01 11:45:00,536409,17908,United Kingdom,72802C,VANILLA SCENT CANDLE JEWELLED BOX,1,4.25
2010-12-01 11:45:00,536409,17908,United Kingdom,22109,FULL ENGLISH BREAKFAST PLATE,1,3.75
2010-12-01 11:45:00,536409,17908,United Kingdom,85116,BLACK CANDELABRA T-LIGHT HOLDER,5,2.1
2010-12-01 11:45:00,536409,17908,United Kingdom,22531,MAGIC DRAWING SLATE CIRCUS PARADE  ,1,0.42
2010-12-01 11:45:00,536409,17908,United Kingdom,21811,CHRISTMAS HANGING HEART WITH BELL,1,1.25
2010-12-01 11:45:00,536409,17908,United Kingdom,22183,CAKE STAND VICTORIAN FILIGREE MED,1,6.75
2010-12-01 11:45:00,536409,17908,United Kingdom,21678,PAISLEY PATTERN  STICKERS,6,0.85
2010-12-01 11:45:00,536409,17908,United Kingdom,21676,FLOWERS  STICKERS,6,0.85
2010-12-01 11:45:00,536409,17908,United Kingdom,84625A,PINK NEW BAROQUECANDLESTICK CANDLE,1,2.95
2010-12-01 11:45:00,536409,17908,United Kingdom,84625C,BLUE NEW BAROQUE CANDLESTICK CANDLE,3,2.95
2010-12-01 11:45:00,536409,17908,United Kingdom,21931,JUMBO STORAGE BAG SUKI,2,1.95
2010-12-01 11:45:00,536409,17908,United Kingdom,85169B,BLACK LOVE BIRD CANDLE,12,1.25
2010-12-01 11:45:00,536409,17908,United Kingdom,16238,PARTY TIME PENCIL ERASERS,28,0.21
2010-12-01 11:45:00,536409,17908,United Kingdom,20668,DISCO BALL CHRISTMAS DECORATION,24,0.12
2010-12-01 11:45:00,536409,17908,United Kingdom,84906,PINK B'FLY C/COVER W BOBBLES,1,5.95
2010-12-01 11:45:00,536409,17908,United Kingdom,21867,PINK UNION JACK  LUGGAGE TAG,1,1.25
2010-12-01 11:45:00,536409,17908,United Kingdom,22075,6 RIBBONS ELEGANT CHRISTMAS ,1,1.65
2010-12-01 11:45:00,536409,17908,United Kingdom,21866,UNION JACK FLAG LUGGAGE TAG,1,1.25
2010-12-01 11:45:00,536409,17908,United Kingdom,21326,AGED GLASS SILVER T-LIGHT HOLDER,12,0.65
2010-12-01 11:45:00,536409,17908,United Kingdom,21065,BOOM BOX SPEAKER GIRLS,1,5.95
2010-12-01 11:45:00,536409,17908,United Kingdom,22074,6 RIBBONS SHIMMERING PINKS ,1,1.65
2010-12-01 11:45:00,536409,17908,United Kingdom,22900, SET 2 TEA TOWELS I LOVE LONDON ,1,2.95
2010-12-01 11:45:00,536409,17908,United Kingdom,20713,JUMBO BAG OWLS,1,1.95
2010-12-01 11:45:00,536409,17908,United Kingdom,20966,SANDWICH BATH SPONGE,2,1.25
2010-12-01 11:45:00,536409,17908,United Kingdom,21116,OWL DOORSTOP,1,4.95
2010-12-01 11:45:00,536409,17908,United Kingdom,90199C,5 STRAND GLASS NECKLACE CRYSTAL,2,6.35
2010-12-01 11:45:00,536409,17908,United Kingdom,22633,HAND WARMER UNION JACK,1,2.1
2010-12-01 11:45:00,536409,17908,United Kingdom,22866,HAND WARMER SCOTTY DOG DESIGN,1,2.1
2010-12-01 11:45:00,536409,17908,United Kingdom,22198,LARGE POPCORN HOLDER ,1,1.65
2010-12-01 11:45:00,536409,17908,United Kingdom,21824,PAINTED METAL STAR WITH HOLLY BELLS,3,1.45
2010-12-01 11:45:00,536409,17908,United Kingdom,21823,PAINTED METAL HEART WITH HOLLY BELL,3,1.45
2010-12-01 11:45:00,536409,17908,United Kingdom,22153,ANGEL DECORATION STARS ON DRESS,6,0.42
2010-12-01 11:45:00,536409,17908,United Kingdom,22197,SMALL POPCORN HOLDER,2,0.85
2010-12-01 11:45:00,536409,17908,United Kingdom,85099B,JUMBO BAG RED RETROSPOT,2,1.95
2010-12-01 11:45:00,536409,17908,United Kingdom,85099F,JUMBO BAG STRAWBERRY,1,1.95
2010-12-01 11:45:00,536409,17908,United Kingdom,20717,STRAWBERRY SHOPPER BAG,1,1.25
2010-12-01 11:45:00,536409,17908,United Kingdom,20723,STRAWBERRY CHARLOTTE BAG,1,0.85
2010-12-01 11:45:00,536409,17908,United Kingdom,22900, SET 2 TEA TOWELS I LOVE LONDON ,1,2.95
2010-12-01 11:45:00,536409,17908,United Kingdom,21980,PACK OF 12 RED RETROSPOT TISSUES ,12,0.29
2010-12-01 11:45:00,536409,17908,United Kingdom,22111,SCOTTIE DOG HOT WATER BOTTLE,1,4.95
2010-12-01 11:45:00,536409,17908,United Kingdom,22112,CHOCOLATE HOT WATER BOTTLE,1,4.95
2010-12-01 11:49:00,536412,17920,United Kingdom,20728,LUNCH BAG CARS BLUE,3,1.65
2010-12-01 11:49:00,536412,17920,United Kingdom,22382,LUNCH BAG SPACEBOY DESIGN ,3,1.65
2010-12-01 11:49:00,536412,17920,United Kingdom,22326,ROUND SNACK BOXES SET OF4 WOODLAND ,1,2.95
2010-12-01 11:49:00,536412,17920,United Kingdom,22662,LUNCH BAG DOLLY GIRL DESIGN,4,1.65
2010-12-01 11:49:00,536412,17920,United Kingdom,22383,LUNCH BAG SUKI  DESIGN ,3,1.65
2010-12-01 11:49:00,536412,17920,United Kingdom,20727,LUNCH BAG  BLACK SKULL.,3,1.65
2010-12-01 11:49:00,536412,17920,United Kingdom,22328,ROUND SNACK BOXES SET OF 4 FRUITS ,1,2.95
2010-12-01 11:49:00,536412,17920,United Kingdom,22327,ROUND SNACK BOXES SET OF 4 SKULLS,1,2.95
2010-12-01 11:49:00,536412,17920,United Kingdom,22630,DOLLY GIRL LUNCH BOX,1,1.95
2010-12-01 11:49:00,536412,17920,United Kingdom,22629,SPACEBOY LUNCH BOX ,1,1.95
2010-12-01 11:49:00,536412,17920,United Kingdom,21245,GREEN POLKADOT PLATE ,1,1.69
2010-12-01 11:49:00,536412,17920,United Kingdom,21244,BLUE POLKADOT PLATE ,1,1.69
2010-12-01 11:49:00,536412,17920,United Kingdom,21242,RED RETROSPOT PLATE ,1,1.69
2010-12-01 11:49:00,536412,17920,United Kingdom,21243,PINK  POLKADOT PLATE ,1,1.69
2010-12-01 11:49:00,536412,17920,United Kingdom,22327,ROUND SNACK BOXES SET OF 4 SKULLS,1,2.95
2010-12-01 11:49:00,536412,17920,United Kingdom,22273,FELTCRAFT DOLL MOLLY,1,2.95
2010-12-01 11:49:00,536412,17920,United Kingdom,22940,FELTCRAFT CHRISTMAS FAIRY,3,4.25
2010-12-01 11:49:00,536412,17920,United Kingdom,22652,TRAVEL SEWING KIT,5,1.65
2010-12-01 11:49:00,536412,17920,United Kingdom,22759,SET OF 3 NOTEBOOKS IN PARCEL,1,1.65
2010-12-01 11:49:00,536412,17920,United Kingdom,21880,RED RETROSPOT TAPE,10,0.65
2010-12-01 11:49:00,536412,17920,United Kingdom,21738,COSY SLIPPER SHOES SMALL  RED ,1,2.95
2010-12-01 11:49:00,536412,17920,United Kingdom,22077,6 RIBBONS RUSTIC CHARM,1,1.65
2010-12-01 11:49:00,536412,17920,United Kingdom,85049E,SCANDINAVIAN REDS RIBBONS,3,1.25
2010-12-01 11:49:00,536412,17920,United Kingdom,22961,JAM MAKING SET PRINTED,24,1.45
2010-12-01 11:49:00,536412,17920,United Kingdom,21448,12 DAISY PEGS IN WOOD BOX,2,1.65
2010-12-01 11:49:00,536412,17920,United Kingdom,22837,HOT WATER BOTTLE BABUSHKA ,3,4.65
2010-12-01 11:49:00,536412,17920,United Kingdom,22749,FELTCRAFT PRINCESS CHARLOTTE DOLL,2,3.75
2010-12-01 11:49:00,536412,17920,United Kingdom,22940,FELTCRAFT CHRISTMAS FAIRY,1,4.25
2010-12-01 11:49:00,536412,17920,United Kingdom,22749,FELTCRAFT PRINCESS CHARLOTTE DOLL,1,3.75
2010-12-01 11:49:00,536412,17920,United Kingdom,22077,6 RIBBONS RUSTIC CHARM,2,1.65
2010-12-01 11:49:00,536412,17920,United Kingdom,21738,COSY SLIPPER SHOES SMALL  RED ,2,2.95
2010-12-01 11:49:00,536412,17920,United Kingdom,85049E,SCANDINAVIAN REDS RIBBONS,1,1.25
2010-12-01 11:49:00,536412,17920,United Kingdom,22243,5 HOOK HANGER RED MAGIC TOADSTOOL,6,1.65
2010-12-01 11:49:00,536412,17920,United Kingdom,22141,CHRISTMAS CRAFT TREE TOP ANGEL,1,2.1
2010-12-01 11:49:00,536412,17920,United Kingdom,22144,CHRISTMAS CRAFT LITTLE FRIENDS,2,2.1
2010-12-01 11:49:00,536412,17920,United Kingdom,22243,5 HOOK HANGER RED MAGIC TOADSTOOL,3,1.65
2010-12-01 11:49:00,536412,17920,United Kingdom,22077,6 RIBBONS RUSTIC CHARM,7,1.65
2010-12-01 11:49:00,536412,17920,United Kingdom,21448,12 DAISY PEGS IN WOOD BOX,1,1.65
2010-12-01 11:49:00,536412,17920,United Kingdom,22759,SET OF 3 NOTEBOOKS IN PARCEL,5,1.65
2010-12-01 11:49:00,536412,17920,United Kingdom,22242,5 HOOK HANGER MAGIC TOADSTOOL,5,1.65
2010-12-01 11:49:00,536412,17920,United Kingdom,85049E,SCANDINAVIAN REDS RIBBONS,12,1.25
2010-12-01 11:49:00,536412,17920,United Kingdom,21731,RED TOADSTOOL LED NIGHT LIGHT,5,1.65
2010-12-01 11:49:00,536412,17920,United Kingdom,22243,5 HOOK HANGER RED MAGIC TOADSTOOL,1,1.65
2010-12-01 11:49:00,536412,17920,United Kingdom,21739,COSY SLIPPER SHOES SMALL GREEN,2,2.95
2010-12-01 11:49:00,536412,17920,United Kingdom,21738,COSY SLIPPER SHOES SMALL  RED ,5,2.95
2010-12-01 11:49:00,536412,17920,United Kingdom,22271,FELTCRAFT DOLL ROSIE,2,2.95
2010-12-01 11:49:00,536412,17920,United Kingdom,22273,FELTCRAFT DOLL MOLLY,1,2.95
2010-12-01 11:49:00,536412,17920,United Kingdom,22274,FELTCRAFT DOLL EMILY,2,2.95
2010-12-01 11:49:00,536412,17920,United Kingdom,22749,FELTCRAFT PRINCESS CHARLOTTE DOLL,1,3.75
2010-12-01 11:49:00,536412,17920,United Kingdom,22751,FELTCRAFT PRINCESS OLIVIA DOLL,2,3.75
2010-12-01 11:49:00,536412,17920,United Kingdom,21034,REX CASH+CARRY JUMBO SHOPPER,1,0.95
2010-12-01 11:49:00,536412,17920,United Kingdom,22273,FELTCRAFT DOLL MOLLY,2,2.95
2010-12-01 11:49:00,536412,17920,United Kingdom,22568,FELTCRAFT CUSHION OWL,3,3.75
2010-12-01 11:49:00,536412,17920,United Kingdom,22141,CHRISTMAS CRAFT TREE TOP ANGEL,1,2.1
2010-12-01 11:49:00,536412,17920,United Kingdom,22144,CHRISTMAS CRAFT LITTLE FRIENDS,1,2.1
2010-12-01 11:49:00,536412,17920,United Kingdom,22570,FELTCRAFT CUSHION RABBIT,3,3.75
2010-12-01 11:49:00,536412,17920,United Kingdom,22569,FELTCRAFT CUSHION BUTTERFLY,2,3.75
2010-12-01 11:49:00,536412,17920,United Kingdom,21448,12 DAISY PEGS IN WOOD BOX,1,1.65
2010-12-01 11:49:00,536412,17920,United Kingdom,22086,PAPER CHAIN KIT 50'S CHRISTMAS ,1,2.95
2010-12-01 11:49:00,536412,17920,United Kingdom,22569,FELTCRAFT CUSHION BUTTERFLY,2,3.75
2010-12-01 11:49:00,536412,17920,United Kingdom,21448,12 DAISY PEGS IN WOOD BOX,2,1.65
2010-12-01 11:49:00,536412,17920,United Kingdom,22968,ROSE COTTAGE KEEPSAKE BOX ,4,9.95
2010-12-01 11:49:00,536412,17920,United Kingdom,22902,TOTE BAG I LOVE LONDON,7,2.1
2010-12-01 11:49:00,536412,17920,United Kingdom,21448,12 DAISY PEGS IN WOOD BOX,2,1.65
2010-12-01 11:49:00,536412,17920,United Kingdom,22902,TOTE BAG I LOVE LONDON,7,2.1
2010-12-01 11:49:00,536412,17920,United Kingdom,21710,FOLDING UMBRELLA PINKWHITE POLKADOT,1,4.95
2010-12-01 11:49:00,536412,17920,United Kingdom,21708,FOLDING UMBRELLA CREAM POLKADOT,1,4.95
2010-12-01 11:49:00,536412,17920,United Kingdom,21711,FOLDING UMBRELLA WHITE/RED POLKADOT,1,4.95
2010-12-01 11:49:00,536412,17920,United Kingdom,22179,SET 10 LIGHTS NIGHT OWL,2,6.75
2010-12-01 11:49:00,536412,17920,United Kingdom,22197,SMALL POPCORN HOLDER,5,0.85
2010-12-01 11:49:00,536412,17920,United Kingdom,22900, SET 2 TEA TOWELS I LOVE LONDON ,2,2.95
2010-12-01 11:49:00,536412,17920,United Kingdom,21706,FOLDING UMBRELLA RED/WHITE POLKADOT,1,4.95
2010-12-01 11:49:00,536412,17920,United Kingdom,22468,BABUSHKA LIGHTS STRING OF 10,2,6.75
2010-12-01 11:49:00,536412,17920,United Kingdom,20725,LUNCH BAG RED RETROSPOT,1,1.65
2010-12-01 11:49:00,536412,17920,United Kingdom,85184C,S/4 VALENTINE DECOUPAGE HEART BOX,1,2.95
2010-12-01 11:49:00,536412,17920,United Kingdom,21708,FOLDING UMBRELLA CREAM POLKADOT,1,4.95
2010-12-01 11:49:00,536412,17920,United Kingdom,22900, SET 2 TEA TOWELS I LOVE LONDON ,2,2.95
2010-12-01 11:49:00,536412,17920,United Kingdom,21706,FOLDING UMBRELLA RED/WHITE POLKADOT,1,4.95
2010-12-01 11:49:00,536412,17920,United Kingdom,22988,SOLDIERS EGG CUP ,6,1.25
2010-12-01 11:49:00,536412,17920,United Kingdom,85184C,S/4 VALENTINE DECOUPAGE HEART BOX,1,2.95
2010-12-01 11:49:00,536412,17920,United Kingdom,20750,RED RETROSPOT MINI CASES,1,7.95
2010-12-01 11:57:00,536415,12838,United Kingdom,22952,60 CAKE CASES VINTAGE CHRISTMAS,10,0.55
2010-12-01 11:57:00,536415,12838,United Kingdom,22910,PAPER CHAIN KIT VINTAGE CHRISTMAS,5,2.95
2010-12-01 11:57:00,536415,12838,United Kingdom,22739,RIBBON REEL CHRISTMAS SOCK BAUBLE,3,1.65
2010-12-01 11:57:00,536415,12838,United Kingdom,22738,RIBBON REEL SNOWY VILLAGE,3,1.65
2010-12-01 11:57:00,536415,12838,United Kingdom,22736,RIBBON REEL MAKING SNOWMEN ,3,1.65
2010-12-01 11:57:00,536415,12838,United Kingdom,22909,SET OF 20 VINTAGE CHRISTMAS NAPKINS,5,0.85
2010-12-01 11:57:00,536415,12838,United Kingdom,35591T,TURQUOISE CHRISTMAS TREE ,2,1.25
2010-12-01 11:57:00,536415,12838,United Kingdom,22186,RED STAR CARD HOLDER,5,2.95
2010-12-01 11:57:00,536415,12838,United Kingdom,22695,WICKER WREATH SMALL,3,1.45
2010-12-01 11:57:00,536415,12838,United Kingdom,22470,HEART OF WICKER LARGE,1,2.95
2010-12-01 11:57:00,536415,12838,United Kingdom,22580,ADVENT CALENDAR GINGHAM SACK,1,5.95
2010-12-01 11:57:00,536415,12838,United Kingdom,22469,HEART OF WICKER SMALL,5,1.65
2010-12-01 11:57:00,536415,12838,United Kingdom,22147,FELTCRAFT BUTTERFLY HEARTS,4,1.45
2010-12-01 11:57:00,536415,12838,United Kingdom,22130,PARTY CONE CHRISTMAS DECORATION ,6,0.85
2010-12-01 11:57:00,536415,12838,United Kingdom,21791,VINTAGE HEADS AND TAILS CARD GAME ,3,1.25
2010-12-01 11:57:00,536415,12838,United Kingdom,22694,WICKER STAR ,5,2.1
2010-12-01 11:57:00,536415,12838,United Kingdom,21790,VINTAGE SNAP CARDS,3,0.85
2010-12-01 11:57:00,536415,12838,United Kingdom,22149,FELTCRAFT 6 FLOWER FRIENDS,4,2.1
2010-12-01 11:57:00,536415,12838,United Kingdom,22900, SET 2 TEA TOWELS I LOVE LONDON ,3,2.95
2010-12-01 11:57:00,536415,12838,United Kingdom,22961,JAM MAKING SET PRINTED,3,1.45
2010-12-01 11:57:00,536415,12838,United Kingdom,22321,BIRD DECORATION RED RETROSPOT,12,0.85
2010-12-01 11:57:00,536415,12838,United Kingdom,22594,CHRISTMAS GINGHAM TREE,5,0.85
2010-12-01 11:57:00,536415,12838,United Kingdom,22593,CHRISTMAS GINGHAM STAR,4,0.85
2010-12-01 11:57:00,536415,12838,United Kingdom,22595,CHRISTMAS GINGHAM HEART,6,0.85
2010-12-01 11:57:00,536415,12838,United Kingdom,21986,PACK OF 12 PINK POLKADOT TISSUES,12,0.29
2010-12-01 11:57:00,536415,12838,United Kingdom,22750,FELTCRAFT PRINCESS LOLA DOLL,2,3.75
2010-12-01 11:57:00,536415,12838,United Kingdom,22616,PACK OF 12 LONDON TISSUES ,12,0.29
2010-12-01 11:57:00,536415,12838,United Kingdom,22775,PURPLE DRAWERKNOB ACRYLIC EDWARDIAN,1,1.25
2010-12-01 11:57:00,536415,12838,United Kingdom,22899,CHILDREN'S APRON DOLLY GIRL ,2,2.1
2010-12-01 11:57:00,536415,12838,United Kingdom,22367,CHILDRENS APRON SPACEBOY DESIGN,3,1.95
2010-12-01 11:57:00,536415,12838,United Kingdom,22942,CHRISTMAS LIGHTS 10 SANTAS ,3,8.5
2010-12-01 11:57:00,536415,12838,United Kingdom,22941,CHRISTMAS LIGHTS 10 REINDEER,3,8.5
2010-12-01 11:57:00,536415,12838,United Kingdom,22086,PAPER CHAIN KIT 50'S CHRISTMAS ,6,2.95
2010-12-01 11:57:00,536415,12838,United Kingdom,22940,FELTCRAFT CHRISTMAS FAIRY,2,4.25
2010-12-01 11:57:00,536415,12838,United Kingdom,21212,PACK OF 72 RETROSPOT CAKE CASES,2,0.55
2010-12-01 11:57:00,536415,12838,United Kingdom,21976,PACK OF 60 MUSHROOM CAKE CASES,2,0.55
2010-12-01 11:57:00,536415,12838,United Kingdom,22951,60 CAKE CASES DOLLY GIRL DESIGN,2,0.55
2010-12-01 11:57:00,536415,12838,United Kingdom,21977,PACK OF 60 PINK PAISLEY CAKE CASES,3,0.55
2010-12-01 11:57:00,536415,12838,United Kingdom,22834,HAND WARMER BABUSHKA DESIGN,3,2.1
2010-12-01 11:57:00,536415,12838,United Kingdom,22867,HAND WARMER BIRD DESIGN,3,2.1
2010-12-01 11:57:00,536415,12838,United Kingdom,22865,HAND WARMER OWL DESIGN,3,2.1
2010-12-01 11:57:00,536415,12838,United Kingdom,22632,HAND WARMER RED RETROSPOT,3,2.1
2010-12-01 11:57:00,536415,12838,United Kingdom,21916,SET 12 RETRO WHITE CHALK STICKS,2,0.42
2010-12-01 11:57:00,536415,12838,United Kingdom,22587,FELTCRAFT HAIRBAND RED AND BLUE,4,0.85
2010-12-01 11:57:00,536415,12838,United Kingdom,22566,FELTCRAFT HAIRBAND PINK AND PURPLE,3,0.85
2010-12-01 11:57:00,536415,12838,United Kingdom,22565,FELTCRAFT HAIRBANDS PINK AND WHITE ,3,0.85
2010-12-01 11:57:00,536415,12838,United Kingdom,22472,TV DINNER TRAY DOLLY GIRL,2,4.95
2010-12-01 11:57:00,536415,12838,United Kingdom,22557,PLASTERS IN TIN VINTAGE PAISLEY ,3,1.65
2010-12-01 11:57:00,536415,12838,United Kingdom,22551,PLASTERS IN TIN SPACEBOY,3,1.65
2010-12-01 11:57:00,536415,12838,United Kingdom,22554,PLASTERS IN TIN WOODLAND ANIMALS,3,1.65
2010-12-01 11:57:00,536415,12838,United Kingdom,22534,MAGIC DRAWING SLATE SPACEBOY ,3,0.42
2010-12-01 11:57:00,536415,12838,United Kingdom,22531,MAGIC DRAWING SLATE CIRCUS PARADE  ,3,0.42
2010-12-01 11:57:00,536415,12838,United Kingdom,22529,MAGIC DRAWING SLATE GO TO THE FAIR ,3,0.42
2010-12-01 11:57:00,536415,12838,United Kingdom,22530,MAGIC DRAWING SLATE DOLLY GIRL ,3,0.42
2010-12-01 11:57:00,536415,12838,United Kingdom,84032B,CHARLIE + LOLA RED HOT WATER BOTTLE,3,2.95
2010-12-01 11:57:00,536415,12838,United Kingdom,22837,HOT WATER BOTTLE BABUSHKA ,3,4.65
2010-12-01 11:57:00,536415,12838,United Kingdom,85049H,URBAN BLACK RIBBONS ,2,1.25
2010-12-01 11:57:00,536415,12838,United Kingdom,22749,FELTCRAFT PRINCESS CHARLOTTE DOLL,2,3.75
2010-12-01 11:57:00,536415,12838,United Kingdom,22807,SET OF 6 T-LIGHTS TOADSTOOLS,12,2.95
2010-12-01 11:58:00,536416,13255,United Kingdom,21494,ROTATING LEAVES T-LIGHT HOLDER,12,1.25
2010-12-01 11:58:00,536416,13255,United Kingdom,21915,RED  HARMONICA IN BOX ,72,1.25
2010-12-01 11:58:00,536416,13255,United Kingdom,22938,CUPCAKE LACE PAPER SET 6,12,1.95
2010-12-01 11:58:00,536416,13255,United Kingdom,22768,FAMILY PHOTO FRAME CORNICE,4,9.95
2010-12-01 11:58:00,536416,13255,United Kingdom,22767,TRIPLE PHOTO FRAME CORNICE ,4,9.95
2010-12-01 11:58:00,536416,13255,United Kingdom,82494L,WOODEN FRAME ANTIQUE WHITE ,6,2.95
2010-12-01 12:03:00,536420,16583,United Kingdom,21889,WOODEN BOX OF DOMINOES,12,1.25
2010-12-01 12:03:00,536420,16583,United Kingdom,21892,TRADITIONAL WOODEN CATCH CUP GAME ,12,1.25
2010-12-01 12:03:00,536420,16583,United Kingdom,21891,TRADITIONAL WOODEN SKIPPING ROPE,12,1.25
2010-12-01 12:03:00,536420,16583,United Kingdom,21890,S/6 WOODEN SKITTLES IN COTTON BAG,6,2.95
2010-12-01 12:03:00,536420,16583,United Kingdom,21718,RED METAL BEACH SPADE ,12,1.25
2010-12-01 12:03:00,536420,16583,United Kingdom,21716,BOYS VINTAGE TIN SEASIDE BUCKET,8,2.55
2010-12-01 12:03:00,536420,16583,United Kingdom,21715,GIRLS VINTAGE TIN SEASIDE BUCKET,8,2.55
2010-12-01 12:03:00,536420,16583,United Kingdom,22113,GREY HEART HOT WATER BOTTLE,4,3.75
2010-12-01 12:03:00,536420,16583,United Kingdom,22111,SCOTTIE DOG HOT WATER BOTTLE,3,4.95
2010-12-01 12:03:00,536420,16583,United Kingdom,22110,BIRD HOUSE HOT WATER BOTTLE,6,2.55
2010-12-01 12:03:00,536420,16583,United Kingdom,22358,KINGS CHOICE TEA CADDY ,6,2.95
2010-12-01 12:03:00,536420,16583,United Kingdom,22357,KINGS CHOICE BISCUIT TIN,4,4.25
2010-12-01 12:03:00,536420,16583,United Kingdom,22115,METAL SIGN EMPIRE TEA,6,2.95
2010-12-01 12:03:00,536420,16583,United Kingdom,22969,HOMEMADE JAM SCENTED CANDLES,12,1.45
2010-12-01 12:08:00,536423,18085,United Kingdom,22619,SET OF 6 SOLDIER SKITTLES,4,3.75
2010-12-01 12:08:00,536423,18085,United Kingdom,21481,FAWN BLUE HOT WATER BOTTLE,6,2.95
2010-12-01 12:08:00,536423,18085,United Kingdom,22632,HAND WARMER RED RETROSPOT,12,2.1
2010-12-01 12:08:00,536423,18085,United Kingdom,22837,HOT WATER BOTTLE BABUSHKA ,8,4.65
2010-12-01 12:08:00,536423,18085,United Kingdom,21479,WHITE SKULL HOT WATER BOTTLE ,8,3.75
2010-12-01 12:08:00,536423,18085,United Kingdom,21485,RETROSPOT HEART HOT WATER BOTTLE,8,4.95
2010-12-01 12:08:00,536423,18085,United Kingdom,84029E,RED WOOLLY HOTTIE WHITE HEART.,8,3.75
2010-12-01 12:08:00,536423,18085,United Kingdom,22111,SCOTTIE DOG HOT WATER BOTTLE,16,4.95
2010-12-01 12:08:00,536423,18085,United Kingdom,22113,GREY HEART HOT WATER BOTTLE,8,3.75
2010-12-01 12:08:00,536425,13758,United Kingdom,22837,HOT WATER BOTTLE BABUSHKA ,8,4.65
2010-12-01 12:08:00,536425,13758,United Kingdom,22585,PACK OF 6 BIRDY GIFT TAGS,12,1.25
2010-12-01 12:08:00,536425,13758,United Kingdom,79321,CHILLI LIGHTS,8,4.95
2010-12-01 12:08:00,536425,13758,United Kingdom,22637,PIGGY BANK RETROSPOT ,12,2.55
2010-12-01 12:08:00,536425,13758,United Kingdom,21556,CERAMIC STRAWBERRY MONEY BOX,6,2.55
2010-12-01 12:08:00,536425,13758,United Kingdom,22646,CERAMIC STRAWBERRY CAKE MONEY BANK,12,1.45
2010-12-01 12:08:00,536425,13758,United Kingdom,22644,CERAMIC CHERRY CAKE MONEY BANK,12,1.45
2010-12-01 12:08:00,536425,13758,United Kingdom,22645,CERAMIC HEART FAIRY CAKE MONEY BANK,12,1.45
2010-12-01 12:08:00,536425,13758,United Kingdom,22650,CERAMIC PIRATE CHEST MONEY BANK,12,1.45
2010-12-01 12:08:00,536425,13758,United Kingdom,22508,DOORSTOP RETROSPOT HEART,8,3.75
2010-12-01 12:08:00,536425,13758,United Kingdom,21411,GINGHAM HEART  DOORSTOP RED,3,4.25
2010-12-01 12:08:00,536425,13758,United Kingdom,22511,RETROSPOT BABUSHKA DOORSTOP,4,3.75
2010-12-01 12:08:00,536425,13758,United Kingdom,22451,SILK PURSE BABUSHKA RED,6,3.35
2010-12-01 12:08:00,536425,13758,United Kingdom,22449,SILK PURSE BABUSHKA PINK,6,3.35
2010-12-01 12:08:00,536425,13758,United Kingdom,22768,FAMILY PHOTO FRAME CORNICE,2,9.95
2010-12-01 12:08:00,536425,13758,United Kingdom,22829,SWEETHEART WIRE WALL TIDY,2,9.95
2010-12-01 12:08:00,536425,13758,United Kingdom,22961,JAM MAKING SET PRINTED,12,1.45
2010-12-01 12:12:00,536437,13694,United Kingdom,21154,RED RETROSPOT OVEN GLOVE ,200,1.06
2010-12-01 12:12:00,536437,13694,United Kingdom,22189,CREAM HEART CARD HOLDER,72,3.39
2010-12-01 12:12:00,536437,13694,United Kingdom,17021,NAMASTE SWAGAT INCENSE,600,0.24
2010-12-01 12:12:00,536437,13694,United Kingdom,22059,CERAMIC STRAWBERRY DESIGN MUG,48,1.25
2010-12-01 12:12:00,536437,13694,United Kingdom,22188,BLACK HEART CARD HOLDER,36,3.39
2010-12-01 12:12:00,536437,13694,United Kingdom,84678,CLASSICAL ROSE SMALL VASE,48,1.25
2010-12-01 12:15:00,536446,15983,United Kingdom,85172,HYACINTH BULB T-LIGHT CANDLES,32,0.42
2010-12-01 12:15:00,536446,15983,United Kingdom,22142,CHRISTMAS CRAFT WHITE FAIRY ,2,1.45
2010-12-01 12:15:00,536446,15983,United Kingdom,22144,CHRISTMAS CRAFT LITTLE FRIENDS,2,2.1
2010-12-01 12:15:00,536446,15983,United Kingdom,21591,COSY HOUR CIGAR BOX MATCHES ,6,1.25
2010-12-01 12:15:00,536446,15983,United Kingdom,22480,RED TEA TOWEL CLASSIC DESIGN,12,1.25
2010-12-01 12:15:00,536446,15983,United Kingdom,22294,HEART FILIGREE DOVE  SMALL,48,1.25
2010-12-01 12:15:00,536446,15983,United Kingdom,21156,RETROSPOT CHILDRENS APRON,1,1.95
2010-12-01 12:15:00,536446,15983,United Kingdom,10133,COLOURING PENCILS BROWN TUBE,5,0.85
2010-12-01 12:15:00,536446,15983,United Kingdom,72800E,4 IVORY DINNER CANDLES SILVER FLOCK,6,2.55
2010-12-01 12:15:00,536446,15983,United Kingdom,22294,HEART FILIGREE DOVE  SMALL,24,1.25
2010-12-01 12:15:00,536446,15983,United Kingdom,84836,ZINC METAL HEART DECORATION,12,1.25
2010-12-01 12:15:00,536446,15983,United Kingdom,20774,GREEN FERN NOTEBOOK,2,1.65
2010-12-01 12:15:00,536446,15983,United Kingdom,20773,BLUE PAISLEY NOTEBOOK,2,1.65
2010-12-01 12:15:00,536446,15983,United Kingdom,20777,CHRYSANTHEMUM NOTEBOOK,2,1.65
2010-12-01 12:15:00,536446,15983,United Kingdom,16016,LARGE CHINESE STYLE SCISSOR,10,0.85
2010-12-01 12:15:00,536446,15983,United Kingdom,16014,SMALL CHINESE STYLE SCISSOR,10,0.42
2010-12-01 12:15:00,536446,15983,United Kingdom,21890,S/6 WOODEN SKITTLES IN COTTON BAG,2,2.95
2010-12-01 12:15:00,536446,15983,United Kingdom,21891,TRADITIONAL WOODEN SKIPPING ROPE,2,1.25
2010-12-01 12:15:00,536446,15983,United Kingdom,22619,SET OF 6 SOLDIER SKITTLES,8,3.75
2010-12-01 12:15:00,536446,15983,United Kingdom,22620,4 TRADITIONAL SPINNING TOPS,6,1.25
2010-12-01 12:15:00,536446,15983,United Kingdom,84347,ROTATING SILVER ANGELS T-LIGHT HLDR,12,2.55
2010-12-01 12:15:00,536446,15983,United Kingdom,85169B,BLACK LOVE BIRD CANDLE,24,1.25
2010-12-01 12:15:00,536446,15983,United Kingdom,21156,RETROSPOT CHILDRENS APRON,3,1.95
2010-12-01 12:15:00,536446,15983,United Kingdom,21651,HANGING GLASS ETCHED TEALIGHT,6,1.65
2010-12-01 12:15:00,536446,15983,United Kingdom,21651,HANGING GLASS ETCHED TEALIGHT,6,1.65
2010-12-01 12:15:00,536446,15983,United Kingdom,84625C,BLUE NEW BAROQUE CANDLESTICK CANDLE,10,2.95
2010-12-01 12:15:00,536446,15983,United Kingdom,22618,COOKING SET RETROSPOT,2,9.95
2010-12-01 12:15:00,536446,15983,United Kingdom,21586,KINGS CHOICE GIANT TUBE MATCHES,4,2.55
2010-12-01 12:15:00,536446,15983,United Kingdom,21587,COSY HOUR GIANT TUBE MATCHES,4,2.55
2010-12-01 12:15:00,536446,15983,United Kingdom,22152,PLACE SETTING WHITE STAR,24,0.42
2010-12-01 12:15:00,536446,15983,United Kingdom,85172,HYACINTH BULB T-LIGHT CANDLES,16,0.42
2010-12-01 12:15:00,536446,15983,United Kingdom,84754,S/15 SILVER GLASS BAUBLES IN BAG,24,1.25
2010-12-01 12:22:00,536460,14849,United Kingdom,22670,FRENCH WC SIGN BLUE METAL,12,1.25
2010-12-01 12:22:00,536460,14849,United Kingdom,21586,KINGS CHOICE GIANT TUBE MATCHES,12,2.55
2010-12-01 12:22:00,536460,14849,United Kingdom,84992,72 SWEETHEART FAIRY CAKE CASES,24,0.55
2010-12-01 12:22:00,536460,14849,United Kingdom,84879,ASSORTED COLOUR BIRD ORNAMENT,24,1.69
2010-12-01 12:22:00,536460,14849,United Kingdom,84849B,FAIRY SOAP SOAP HOLDER,12,1.69
2010-12-01 12:22:00,536460,14849,United Kingdom,22927,GREEN GIANT GARDEN THERMOMETER,2,5.95
2010-12-01 12:22:00,536460,14849,United Kingdom,22926,IVORY GIANT GARDEN THERMOMETER,4,5.95
2010-12-01 12:22:00,536460,14849,United Kingdom,22925,BLUE GIANT GARDEN THERMOMETER,2,5.95
2010-12-01 12:22:00,536460,14849,United Kingdom,21977,PACK OF 60 PINK PAISLEY CAKE CASES,24,0.55
2010-12-01 12:22:00,536460,14849,United Kingdom,21485,RETROSPOT HEART HOT WATER BOTTLE,6,4.95
2010-12-01 12:22:00,536460,14849,United Kingdom,21484,CHICK GREY HOT WATER BOTTLE,8,3.45
2010-12-01 12:22:00,536460,14849,United Kingdom,21259,VICTORIAN SEWING BOX SMALL ,2,5.95
2010-12-01 12:22:00,536460,14849,United Kingdom,21257,VICTORIAN SEWING BOX MEDIUM,2,7.95
2010-12-01 12:22:00,536460,14849,United Kingdom,21121,SET/10 RED POLKADOT PARTY CANDLES,24,1.25
2010-12-01 12:22:00,536463,14849,United Kingdom,82552,WASHROOM METAL SIGN,12,1.45
2010-12-01 12:23:00,536464,17968,United Kingdom,90200B,BLACK SWEETHEART BRACELET,2,4.25
2010-12-01 12:23:00,536464,17968,United Kingdom,90059B,DIAMANTE HAIR GRIP PACK/2 BLACK DIA,2,1.65
2010-12-01 12:23:00,536464,17968,United Kingdom,90185C,BLACK DIAMANTE EXPANDABLE RING,2,4.25
2010-12-01 12:23:00,536464,17968,United Kingdom,90059E,DIAMANTE HAIR GRIP PACK/2 RUBY,3,1.65
2010-12-01 12:23:00,536464,17968,United Kingdom,90059C,DIAMANTE HAIR GRIP PACK/2 MONTANA,1,1.65
2010-12-01 12:23:00,536464,17968,United Kingdom,90200C,BLUE SWEETHEART BRACELET,1,4.25
2010-12-01 12:23:00,536464,17968,United Kingdom,90200D,PINK SWEETHEART BRACELET,3,4.25
2010-12-01 12:23:00,536464,17968,United Kingdom,90200A,PURPLE SWEETHEART BRACELET,1,4.25
2010-12-01 12:23:00,536464,17968,United Kingdom,22386,JUMBO BAG PINK POLKADOT,1,1.95
2010-12-01 12:23:00,536464,17968,United Kingdom,85099B,JUMBO BAG RED RETROSPOT,1,1.95
2010-12-01 12:23:00,536464,17968,United Kingdom,84879,ASSORTED COLOUR BIRD ORNAMENT,8,1.69
2010-12-01 12:23:00,536464,17968,United Kingdom,22086,PAPER CHAIN KIT 50'S CHRISTMAS ,1,2.95
2010-12-01 12:23:00,536464,17968,United Kingdom,22737,RIBBON REEL CHRISTMAS PRESENT ,1,1.65
2010-12-01 12:23:00,536464,17968,United Kingdom,21260,FIRST AID TIN,1,3.25
2010-12-01 12:23:00,536464,17968,United Kingdom,22744,MAKE YOUR OWN MONSOON CARD KIT,2,2.95
2010-12-01 12:23:00,536464,17968,United Kingdom,21985,PACK OF 12 HEARTS DESIGN TISSUES ,1,0.29
2010-12-01 12:23:00,536464,17968,United Kingdom,21980,PACK OF 12 RED RETROSPOT TISSUES ,1,0.29
2010-12-01 12:23:00,536464,17968,United Kingdom,22988,SOLDIERS EGG CUP ,1,1.25
2010-12-01 12:23:00,536464,17968,United Kingdom,22297,HEART IVORY TRELLIS SMALL,1,1.25
2010-12-01 12:23:00,536464,17968,United Kingdom,22294,HEART FILIGREE DOVE  SMALL,1,1.25
2010-12-01 12:23:00,536464,17968,United Kingdom,22295,HEART FILIGREE DOVE LARGE,1,1.65
2010-12-01 12:23:00,536464,17968,United Kingdom,22813,PACK 3 BOXES BIRD PANNETONE ,2,1.95
2010-12-01 12:23:00,536464,17968,United Kingdom,22812,PACK 3 BOXES CHRISTMAS PANNETONE,6,1.95
2010-12-01 12:23:00,536464,17968,United Kingdom,22197,SMALL POPCORN HOLDER,5,0.85
2010-12-01 12:23:00,536464,17968,United Kingdom,21977,PACK OF 60 PINK PAISLEY CAKE CASES,1,0.55
2010-12-01 12:23:00,536464,17968,United Kingdom,22619,SET OF 6 SOLDIER SKITTLES,1,3.75
2010-12-01 12:23:00,536464,17968,United Kingdom,16258A,SWIRLY CIRCULAR RUBBERS IN BAG,1,0.42
2010-12-01 12:23:00,536464,17968,United Kingdom,21992,VINTAGE PAISLEY STATIONERY SET,1,2.95
2010-12-01 12:23:00,536464,17968,United Kingdom,22910,PAPER CHAIN KIT VINTAGE CHRISTMAS,1,2.95
2010-12-01 12:23:00,536464,17968,United Kingdom,21124,SET/10 BLUE POLKADOT PARTY CANDLES,1,1.25
2010-12-01 12:23:00,536464,17968,United Kingdom,22735,RIBBON REEL SOCKS AND MITTENS,2,1.65
2010-12-01 12:23:00,536464,17968,United Kingdom,22952,60 CAKE CASES VINTAGE CHRISTMAS,2,0.55
2010-12-01 12:23:00,536464,17968,United Kingdom,22945,CHRISTMAS METAL TAGS ASSORTED ,6,0.85
2010-12-01 12:23:00,536464,17968,United Kingdom,21816,CHRISTMAS TREE T-LIGHT HOLDER,2,1.45
2010-12-01 12:23:00,536464,17968,United Kingdom,21815,STAR  T-LIGHT HOLDER ,4,1.45
2010-12-01 12:23:00,536464,17968,United Kingdom,21814,HEART T-LIGHT HOLDER ,2,1.45
2010-12-01 12:23:00,536464,17968,United Kingdom,10125,MINI FUNKY DESIGN TAPES,2,0.85
2010-12-01 12:23:00,536464,17968,United Kingdom,22810,SET OF 6 T-LIGHTS SNOWMEN,1,2.95
2010-12-01 12:23:00,536464,17968,United Kingdom,22573,STAR WOODEN CHRISTMAS DECORATION,1,0.85
2010-12-01 12:23:00,536464,17968,United Kingdom,22577,WOODEN HEART CHRISTMAS SCANDINAVIAN,1,0.85
2010-12-01 12:23:00,536464,17968,United Kingdom,22603,CHRISTMAS RETROSPOT TREE WOOD,2,0.85
2010-12-01 12:23:00,536464,17968,United Kingdom,22809,SET OF 6 T-LIGHTS SANTA,1,2.95
2010-12-01 12:23:00,536464,17968,United Kingdom,20878,SET/9 CHRISTMAS T-LIGHTS SCENTED ,1,1.25
2010-12-01 12:23:00,536464,17968,United Kingdom,20866,BLUE ROSE FABRIC MIRROR,1,1.25
2010-12-01 12:23:00,536464,17968,United Kingdom,85095,THREE CANVAS LUGGAGE TAGS,1,1.95
2010-12-01 12:23:00,536464,17968,United Kingdom,22333,RETROSPOT PARTY BAG + STICKER SET,1,1.65
2010-12-01 12:23:00,536464,17968,United Kingdom,22557,PLASTERS IN TIN VINTAGE PAISLEY ,1,1.65
2010-12-01 12:23:00,536464,17968,United Kingdom,21584,RETROSPOT SMALL TUBE MATCHES,1,1.65
2010-12-01 12:23:00,536464,17968,United Kingdom,22866,HAND WARMER SCOTTY DOG DESIGN,1,2.1
2010-12-01 12:23:00,536464,17968,United Kingdom,22731,3D CHRISTMAS STAMPS STICKERS ,2,1.25
2010-12-01 12:23:00,536464,17968,United Kingdom,22866,HAND WARMER SCOTTY DOG DESIGN,1,2.1
2010-12-01 12:23:00,536464,17968,United Kingdom,22866,HAND WARMER SCOTTY DOG DESIGN,3,2.1
2010-12-01 12:23:00,536464,17968,United Kingdom,22558,CLOTHES PEGS RETROSPOT PACK 24 ,2,1.49
2010-12-01 12:23:00,536464,17968,United Kingdom,22956,36 FOIL HEART CAKE CASES,1,2.1
2010-12-01 12:23:00,536464,17968,United Kingdom,22945,CHRISTMAS METAL TAGS ASSORTED ,6,0.85
2010-12-01 12:23:00,536464,17968,United Kingdom,22582,PACK OF 6 SWEETIE GIFT BOXES,1,2.55
2010-12-01 12:23:00,536464,17968,United Kingdom,21212,PACK OF 72 RETROSPOT CAKE CASES,1,0.55
2010-12-01 12:23:00,536464,17968,United Kingdom,21212,PACK OF 72 RETROSPOT CAKE CASES,2,0.55
2010-12-01 12:23:00,536464,17968,United Kingdom,22585,PACK OF 6 BIRDY GIFT TAGS,3,1.25
2010-12-01 12:23:00,536464,17968,United Kingdom,21121,SET/10 RED POLKADOT PARTY CANDLES,1,1.25
2010-12-01 12:23:00,536464,17968,United Kingdom,21122,SET/10 PINK POLKADOT PARTY CANDLES,1,1.25
2010-12-01 12:23:00,536464,17968,United Kingdom,22759,SET OF 3 NOTEBOOKS IN PARCEL,1,1.65
2010-12-01 12:23:00,536464,17968,United Kingdom,21815,STAR  T-LIGHT HOLDER ,1,1.45
2010-12-01 12:23:00,536464,17968,United Kingdom,85231B,CINAMMON SET OF 9 T-LIGHTS,3,0.85
2010-12-01 12:23:00,536464,17968,United Kingdom,85231G,ORANGE SCENTED SET/9 T-LIGHTS,5,0.85
2010-12-01 12:23:00,536464,17968,United Kingdom,22082,RIBBON REEL STRIPES DESIGN ,5,1.65
2010-12-01 12:23:00,536464,17968,United Kingdom,22500,SET OF 2 TINS JARDIN DE PROVENCE,2,4.95
2010-12-01 12:23:00,536464,17968,United Kingdom,22742,MAKE YOUR OWN PLAYTIME CARD KIT,1,2.95
2010-12-01 12:23:00,536464,17968,United Kingdom,21329,DINOSAURS  WRITING SET ,1,1.65
2010-12-01 12:23:00,536464,17968,United Kingdom,21328,BALLOONS  WRITING SET ,1,1.65
2010-12-01 12:23:00,536464,17968,United Kingdom,21327,SKULLS WRITING SET ,1,1.65
2010-12-01 12:23:00,536464,17968,United Kingdom,21992,VINTAGE PAISLEY STATIONERY SET,1,2.95
2010-12-01 12:23:00,536464,17968,United Kingdom,21738,COSY SLIPPER SHOES SMALL  RED ,1,2.95
2010-12-01 12:23:00,536464,17968,United Kingdom,48173C,DOORMAT BLACK FLOCK ,1,7.95
2010-12-01 12:23:00,536464,17968,United Kingdom,85099C,JUMBO  BAG BAROQUE BLACK WHITE,1,1.95
2010-12-01 12:23:00,536464,17968,United Kingdom,22960,JAM MAKING SET WITH JARS,1,4.25
2010-12-01 12:23:00,536464,17968,United Kingdom,85231G,ORANGE SCENTED SET/9 T-LIGHTS,1,0.85
2010-12-01 12:23:00,536464,17968,United Kingdom,85231B,CINAMMON SET OF 9 T-LIGHTS,2,0.85
2010-12-01 12:23:00,536464,17968,United Kingdom,22866,HAND WARMER SCOTTY DOG DESIGN,1,2.1
2010-12-01 12:23:00,536464,17968,United Kingdom,72818,CHRISTMAS DECOUPAGE CANDLE,1,0.85
2010-12-01 12:23:00,536464,17968,United Kingdom,21814,HEART T-LIGHT HOLDER ,8,1.45
2010-12-01 12:23:00,536464,17968,United Kingdom,22441,GROW YOUR OWN BASIL IN ENAMEL MUG,1,2.1
2010-12-01 12:23:00,536464,17968,United Kingdom,22312,OFFICE MUG WARMER POLKADOT,1,2.95
2010-12-01 12:23:00,536464,17968,United Kingdom,22197,SMALL POPCORN HOLDER,6,0.85
2010-12-01 12:23:00,536464,17968,United Kingdom,22663,JUMBO BAG DOLLY GIRL DESIGN,1,1.95
2010-12-01 12:23:00,536466,14849,United Kingdom,22960,JAM MAKING SET WITH JARS,6,4.25
2010-12-01 12:23:00,536466,14849,United Kingdom,22961,JAM MAKING SET PRINTED,12,1.45
2010-12-01 12:27:00,536477,16210,United Kingdom,21314,SMALL GLASS HEART TRINKET POT,48,1.85
2010-12-01 12:27:00,536477,16210,United Kingdom,84029E,RED WOOLLY HOTTIE WHITE HEART.,24,3.39
2010-12-01 12:27:00,536477,16210,United Kingdom,21137,BLACK RECORD COVER FRAME,480,3.39
2010-12-01 12:27:00,536477,16210,United Kingdom,22041,"RECORD FRAME 7"" SINGLE SIZE ",48,2.1
2010-12-01 12:27:00,536477,16210,United Kingdom,20979,36 PENCILS TUBE RED RETROSPOT,16,1.25
2010-12-01 12:27:00,536477,16210,United Kingdom,20977,36 PENCILS TUBE WOODLAND,16,1.25
2010-12-01 12:27:00,536477,16210,United Kingdom,22619,SET OF 6 SOLDIER SKITTLES,4,3.75
2010-12-01 12:27:00,536477,16210,United Kingdom,22571,ROCKING HORSE RED CHRISTMAS ,96,0.72
2010-12-01 12:27:00,536477,16210,United Kingdom,22595,CHRISTMAS GINGHAM HEART,144,0.72
2010-12-01 12:27:00,536477,16210,United Kingdom,22593,CHRISTMAS GINGHAM STAR,144,0.72
2010-12-01 12:27:00,536477,16210,United Kingdom,22633,HAND WARMER UNION JACK,12,2.1
2010-12-01 12:27:00,536477,16210,United Kingdom,22632,HAND WARMER RED RETROSPOT,12,2.1
2010-12-01 12:27:00,536477,16210,United Kingdom,22423,REGENCY CAKESTAND 3 TIER,16,10.95
2010-12-01 12:27:00,536477,16210,United Kingdom,22411,JUMBO SHOPPER VINTAGE RED PAISLEY,10,1.95
2010-12-01 12:31:00,536488,17897,United Kingdom,22738,RIBBON REEL SNOWY VILLAGE,5,1.65
2010-12-01 12:31:00,536488,17897,United Kingdom,21621,VINTAGE UNION JACK BUNTING,1,8.5
2010-12-01 12:31:00,536488,17897,United Kingdom,22960,JAM MAKING SET WITH JARS,8,4.25
2010-12-01 12:31:00,536488,17897,United Kingdom,22082,RIBBON REEL STRIPES DESIGN ,5,1.65
2010-12-01 12:31:00,536488,17897,United Kingdom,47563A,RETRO LONGBOARD IRONING BOARD COVER,1,3.75
2010-12-01 12:31:00,536488,17897,United Kingdom,84558A,3D DOG PICTURE PLAYING CARDS,1,2.95
2010-12-01 12:31:00,536488,17897,United Kingdom,21592,RETROSPOT CIGAR BOX MATCHES ,1,1.25
2010-12-01 12:31:00,536488,17897,United Kingdom,20878,SET/9 CHRISTMAS T-LIGHTS SCENTED ,2,1.25
2010-12-01 12:31:00,536488,17897,United Kingdom,84347,ROTATING SILVER ANGELS T-LIGHT HLDR,1,2.55
2010-12-01 12:31:00,536488,17897,United Kingdom,84347,ROTATING SILVER ANGELS T-LIGHT HLDR,1,2.55
2010-12-01 12:31:00,536488,17897,United Kingdom,21577,SAVE THE PLANET COTTON TOTE BAG,1,2.25
2010-12-01 12:31:00,536488,17897,United Kingdom,22909,SET OF 20 VINTAGE CHRISTMAS NAPKINS,1,0.85
2010-12-01 12:31:00,536488,17897,United Kingdom,22087,PAPER BUNTING WHITE LACE,1,2.95
2010-12-01 12:31:00,536488,17897,United Kingdom,22651,GENTLEMAN SHIRT REPAIR KIT ,2,0.85
2010-12-01 12:31:00,536488,17897,United Kingdom,22713,CARD I LOVE LONDON ,12,0.42
2010-12-01 12:31:00,536488,17897,United Kingdom,22910,PAPER CHAIN KIT VINTAGE CHRISTMAS,1,2.95
2010-12-01 12:31:00,536488,17897,United Kingdom,21370,MIRRORED WALL ART FOXY,2,6.35
2010-12-01 12:31:00,536488,17897,United Kingdom,21367,MIRRORED WALL ART GENTS,1,2.55
2010-12-01 12:31:00,536488,17897,United Kingdom,22376,AIRLINE BAG VINTAGE JET SET WHITE,1,4.25
2010-12-01 12:31:00,536488,17897,United Kingdom,22961,JAM MAKING SET PRINTED,1,1.45
2010-12-01 12:31:00,536488,17897,United Kingdom,21895,POTTING SHED SOW 'N' GROW SET,1,4.25
2010-12-01 12:31:00,536488,17897,United Kingdom,22468,BABUSHKA LIGHTS STRING OF 10,1,6.75
2010-12-01 12:31:00,536488,17897,United Kingdom,21034,REX CASH+CARRY JUMBO SHOPPER,1,0.95
2010-12-01 12:31:00,536488,17897,United Kingdom,22372,AIRLINE BAG VINTAGE WORLD CHAMPION ,1,4.25
2010-12-01 12:31:00,536488,17897,United Kingdom,22867,HAND WARMER BIRD DESIGN,1,2.1
2010-12-01 12:31:00,536488,17897,United Kingdom,22144,CHRISTMAS CRAFT LITTLE FRIENDS,1,2.1
2010-12-01 12:31:00,536488,17897,United Kingdom,21190,PINK HEARTS PAPER GARLAND,1,1.65
2010-12-01 12:31:00,536488,17897,United Kingdom,21894,POTTING SHED SEED ENVELOPES,3,1.25
2010-12-01 12:31:00,536488,17897,United Kingdom,70007,HI TEC ALPINE HAND WARMER,3,1.65
2010-12-01 12:31:00,536488,17897,United Kingdom,22940,FELTCRAFT CHRISTMAS FAIRY,1,4.25
2010-12-01 12:31:00,536488,17897,United Kingdom,70007,HI TEC ALPINE HAND WARMER,1,1.65
2010-12-01 12:31:00,536488,17897,United Kingdom,84347,ROTATING SILVER ANGELS T-LIGHT HLDR,3,2.55
2010-12-01 12:31:00,536488,17897,United Kingdom,22150,3 STRIPEY MICE FELTCRAFT,1,1.95
2010-12-01 12:31:00,536488,17897,United Kingdom,22149,FELTCRAFT 6 FLOWER FRIENDS,2,2.1
2010-12-01 12:31:00,536488,17897,United Kingdom,22144,CHRISTMAS CRAFT LITTLE FRIENDS,2,2.1
2010-12-01 12:35:00,536500,17377,United Kingdom,21622,VINTAGE UNION JACK CUSHION COVER,10,4.95
2010-12-01 12:35:00,536500,17377,United Kingdom,46000M,POLYESTER FILLER PAD 45x45cm,10,1.55
2010-12-01 12:35:00,536500,17377,United Kingdom,22630,DOLLY GIRL LUNCH BOX,2,1.95
2010-12-01 12:35:00,536500,17377,United Kingdom,22616,PACK OF 12 LONDON TISSUES ,12,0.29
2010-12-01 12:35:00,536500,17377,United Kingdom,22712,CARD DOLLY GIRL ,12,0.42
2010-12-01 12:35:00,536500,17377,United Kingdom,22983,CARD BILLBOARD FONT,12,0.42
2010-12-01 12:35:00,536500,17377,United Kingdom,22024,RAINY LADIES BIRTHDAY CARD,12,0.42
2010-12-01 12:35:00,536500,17377,United Kingdom,22113,GREY HEART HOT WATER BOTTLE,3,3.75
2010-12-01 12:35:00,536500,17377,United Kingdom,84029E,RED WOOLLY HOTTIE WHITE HEART.,2,3.75
2010-12-01 12:35:00,536500,17377,United Kingdom,21488,RED WHITE SCARF  HOT WATER BOTTLE,2,3.95
2010-12-01 12:35:00,536500,17377,United Kingdom,22900, SET 2 TEA TOWELS I LOVE LONDON ,7,2.95
2010-12-01 12:35:00,536500,17377,United Kingdom,22895,SET OF 2 TEA TOWELS APPLE AND PEARS,3,2.95
2010-12-01 12:35:00,536500,17377,United Kingdom,21035,SET/2 RED RETROSPOT TEA TOWELS ,3,2.95
2010-12-01 12:35:00,536500,17377,United Kingdom,21755,LOVE BUILDING BLOCK WORD,6,5.95
2010-12-01 12:35:00,536500,17377,United Kingdom,21754,HOME BUILDING BLOCK WORD,6,5.95
2010-12-01 12:36:00,536502,16552,United Kingdom,84879,ASSORTED COLOUR BIRD ORNAMENT,16,1.69
2010-12-01 12:36:00,536502,16552,United Kingdom,22784,LANTERN CREAM GAZEBO ,3,4.95
2010-12-01 12:36:00,536502,16552,United Kingdom,21441,BLUE BIRDHOUSE DECORATION,12,0.85
2010-12-01 12:36:00,536502,16552,United Kingdom,85123A,WHITE HANGING HEART T-LIGHT HOLDER,6,2.95
2010-12-01 12:36:00,536502,16552,United Kingdom,22423,REGENCY CAKESTAND 3 TIER,2,12.75
2010-12-01 12:38:00,536508,17181,United Kingdom,84947,ANTIQUE SILVER TEA GLASS ENGRAVED,72,1.06
2010-12-01 12:38:00,536508,17181,United Kingdom,21326,AGED GLASS SILVER T-LIGHT HOLDER,144,0.55
2010-12-01 12:38:00,C536506,17897,United Kingdom,22960,JAM MAKING SET WITH JARS,-6,4.25
2010-12-01 12:40:00,536514,17951,United Kingdom,22865,HAND WARMER OWL DESIGN,36,2.1
2010-12-01 12:40:00,536514,17951,United Kingdom,22485,SET OF 2 WOODEN MARKET CRATES,4,12.75
2010-12-01 12:40:00,536514,17951,United Kingdom,22807,SET OF 6 T-LIGHTS TOADSTOOLS,6,2.95
2010-12-01 12:40:00,536514,17951,United Kingdom,22633,HAND WARMER UNION JACK,36,2.1
2010-12-01 12:40:00,536514,17951,United Kingdom,22866,HAND WARMER SCOTTY DOG DESIGN,36,2.1
2010-12-01 12:43:00,536520,14729,United Kingdom,21794,CLASSIC FRENCH STYLE BASKET NATURAL,1,6.75
2010-12-01 12:43:00,536520,14729,United Kingdom,20707,CRAZY DAISY HEART DECORATION,1,1.25
2010-12-01 12:43:00,536520,14729,United Kingdom,21175,GIN + TONIC DIET METAL SIGN,1,2.1
2010-12-01 12:43:00,536520,14729,United Kingdom,22926,IVORY GIANT GARDEN THERMOMETER,1,5.95
2010-12-01 12:43:00,536520,14729,United Kingdom,22588,CARD HOLDER GINGHAM HEART,2,2.55
2010-12-01 12:43:00,536520,14729,United Kingdom,21292,SMALL STRIPES CHOCOLATE GIFT BAG ,16,0.85
2010-12-01 12:43:00,536520,14729,United Kingdom,21890,S/6 WOODEN SKITTLES IN COTTON BAG,1,2.95
2010-12-01 12:43:00,536520,14729,United Kingdom,22632,HAND WARMER RED RETROSPOT,4,2.1
2010-12-01 12:43:00,536520,14729,United Kingdom,22633,HAND WARMER UNION JACK,3,2.1
2010-12-01 12:43:00,536520,14729,United Kingdom,22670,FRENCH WC SIGN BLUE METAL,1,1.25
2010-12-01 12:43:00,536520,14729,United Kingdom,21867,PINK UNION JACK  LUGGAGE TAG,1,1.25
2010-12-01 12:43:00,536520,14729,United Kingdom,22760,"TRAY, BREAKFAST IN BED",1,12.75
2010-12-01 12:43:00,536520,14729,United Kingdom,22107,PIZZA PLATE IN BOX,2,3.75
2010-12-01 12:43:00,536520,14729,United Kingdom,22470,HEART OF WICKER LARGE,1,2.95
2010-12-01 12:43:00,536520,14729,United Kingdom,21486,PINK HEART DOTS HOT WATER BOTTLE,1,3.75
2010-12-01 12:43:00,536520,14729,United Kingdom,22151,PLACE SETTING WHITE HEART,14,0.42
2010-12-01 12:43:00,536520,14729,United Kingdom,22643,SET OF 4 NAPKIN CHARMS LEAVES   ,4,2.55
2010-12-01 12:43:00,536520,14729,United Kingdom,22642,SET OF 4 NAPKIN CHARMS STARS   ,4,2.55
2010-12-01 12:43:00,536520,14729,United Kingdom,22604,SET OF 4 NAPKIN CHARMS CUTLERY,3,2.55
2010-12-01 12:43:00,536520,14729,United Kingdom,22099,CARAVAN SQUARE TISSUE BOX,2,1.25
2010-12-01 12:43:00,536520,14729,United Kingdom,22553,PLASTERS IN TIN SKULLS,1,1.65
2010-12-01 12:43:00,536520,14729,United Kingdom,22551,PLASTERS IN TIN SPACEBOY,1,1.65
2010-12-01 12:43:00,536520,14729,United Kingdom,22653,BUTTON BOX ,1,1.95
2010-12-01 12:43:00,536520,14729,United Kingdom,22557,PLASTERS IN TIN VINTAGE PAISLEY ,2,1.65
2010-12-01 12:43:00,536520,14729,United Kingdom,22906,12 MESSAGE CARDS WITH ENVELOPES,6,1.65
2010-12-01 12:43:00,536520,14729,United Kingdom,22754,SMALL RED BABUSHKA NOTEBOOK ,1,0.85
2010-12-01 12:43:00,536520,14729,United Kingdom,22938,CUPCAKE LACE PAPER SET 6,5,1.95
2010-12-01 12:43:00,536520,14729,United Kingdom,22812,PACK 3 BOXES CHRISTMAS PANNETONE,3,1.95
2010-12-01 12:43:00,536520,14729,United Kingdom,22919,HERB MARKER MINT,2,0.65
2010-12-01 12:43:00,536520,14729,United Kingdom,22917,HERB MARKER ROSEMARY,1,0.65
2010-12-01 12:43:00,536520,14729,United Kingdom,22920,HERB MARKER BASIL,3,0.65
2010-12-01 12:43:00,536520,14729,United Kingdom,22921,HERB MARKER CHIVES ,2,0.65
2010-12-01 12:43:00,536520,14729,United Kingdom,22918,HERB MARKER PARSLEY,2,0.65
2010-12-01 12:43:00,536520,14729,United Kingdom,22916,HERB MARKER THYME,1,0.65
2010-12-01 12:43:00,536520,14729,United Kingdom,85123A,WHITE HANGING HEART T-LIGHT HOLDER,3,2.95
2010-12-01 12:43:00,536520,14729,United Kingdom,22575,METAL MERRY CHRISTMAS WREATH,1,1.95
2010-12-01 12:43:00,536520,14729,United Kingdom,21804,WHITE CHRISTMAS GARLAND STARS TREES,3,3.75
2010-12-01 12:43:00,536520,14729,United Kingdom,21584,RETROSPOT SMALL TUBE MATCHES,12,1.65
2010-12-01 12:43:00,536520,14729,United Kingdom,21588,RETROSPOT GIANT TUBE MATCHES,3,2.55
2010-12-01 12:43:00,536520,14729,United Kingdom,22152,PLACE SETTING WHITE STAR,12,0.42
2010-12-01 12:43:00,536520,14729,United Kingdom,22441,GROW YOUR OWN BASIL IN ENAMEL MUG,1,2.1
2010-12-01 12:43:00,536520,14729,United Kingdom,22955,36 FOIL STAR CAKE CASES ,2,2.1
2010-12-01 12:43:00,536520,14729,United Kingdom,22956,36 FOIL HEART CAKE CASES,2,2.1
2010-12-01 12:43:00,536520,14729,United Kingdom,22582,PACK OF 6 SWEETIE GIFT BOXES,2,2.55
2010-12-01 12:43:00,536520,14729,United Kingdom,22583,PACK OF 6 HANDBAG GIFT BOXES,3,2.55
2010-12-01 12:43:00,536520,14729,United Kingdom,22241,GARLAND WOODEN HAPPY EASTER,2,1.25
2010-12-01 12:43:00,536520,14729,United Kingdom,22904,CALENDAR PAPER CUT DESIGN,3,2.95
2010-12-01 12:43:00,536520,14729,United Kingdom,22905,CALENDAR IN SEASON DESIGN,2,2.95
2010-12-01 12:43:00,536520,14729,United Kingdom,22197,SMALL POPCORN HOLDER,3,0.85
2010-12-01 12:43:00,536520,14729,United Kingdom,22092,BLUE PAISLEY TISSUE BOX,1,1.25
2010-12-01 12:43:00,536520,14729,United Kingdom,22469,HEART OF WICKER SMALL,1,1.65
2010-12-01 12:43:00,536520,14729,United Kingdom,22100,SKULLS SQUARE TISSUE BOX,1,1.25
2010-12-01 12:43:00,536520,14729,United Kingdom,22096,PINK PAISLEY SQUARE TISSUE BOX ,1,1.25
2010-12-01 12:43:00,536520,14729,United Kingdom,22583,PACK OF 6 HANDBAG GIFT BOXES,1,2.55
2010-12-01 12:43:00,536520,14729,United Kingdom,21358,TOAST ITS - HAPPY BIRTHDAY,2,1.25
2010-12-01 12:43:00,536520,14729,United Kingdom,21123,SET/10 IVORY POLKADOT PARTY CANDLES,1,1.25
2010-12-01 12:43:00,536520,14729,United Kingdom,21124,SET/10 BLUE POLKADOT PARTY CANDLES,1,1.25
2010-12-01 12:43:00,536520,14729,United Kingdom,21122,SET/10 PINK POLKADOT PARTY CANDLES,1,1.25
2010-12-01 12:43:00,536520,14729,United Kingdom,84378,SET OF 3 HEART COOKIE CUTTERS,1,1.25
2010-12-01 12:43:00,536520,14729,United Kingdom,21985,PACK OF 12 HEARTS DESIGN TISSUES ,12,0.29
2010-12-01 12:43:00,536520,14729,United Kingdom,21427,SKULLS STORAGE BOX SMALL,2,2.1
2010-12-01 12:43:00,536520,14729,United Kingdom,21034,REX CASH+CARRY JUMBO SHOPPER,2,0.95
2010-12-01 12:43:00,536520,14729,United Kingdom,21930,JUMBO STORAGE BAG SKULLS,1,1.95
2010-12-01 12:43:00,536520,14729,United Kingdom,20772,GARDEN PATH JOURNAL,1,2.55
2010-12-01 12:43:00,536520,14729,United Kingdom,22469,HEART OF WICKER SMALL,2,1.65
2010-12-01 12:43:00,536520,14729,United Kingdom,71406C,BLACK ORANGE SQUEEZER,12,0.42
2010-12-01 12:43:00,536520,14729,United Kingdom,84985A,SET OF 72 GREEN PAPER DOILIES,1,1.45
2010-12-01 12:43:00,536520,14729,United Kingdom,20754,RETROSPOT RED WASHING UP GLOVES,1,2.1
2010-12-01 12:43:00,536520,14729,United Kingdom,84596E,SMALL LICORICE DES PINK BOWL,1,1.25
2010-12-01 12:43:00,536520,14729,United Kingdom,21111,"SWISS ROLL TOWEL, CHOCOLATE  SPOTS",1,2.95
2010-12-01 12:43:00,536520,14729,United Kingdom,22501,PICNIC BASKET WICKER LARGE,1,9.95
2010-12-01 12:48:00,536521,12748,United Kingdom,22854,CREAM SWEETHEART EGG HOLDER,1,4.95
2010-12-01 12:49:00,536522,15012,United Kingdom,84997D,PINK 3 PIECE POLKADOT CUTLERY SET,1,3.75
2010-12-01 12:49:00,536522,15012,United Kingdom,47599A,PINK PARTY BAGS,1,2.1
2010-12-01 12:49:00,536522,15012,United Kingdom,47599B,BLUE PARTY BAGS ,1,2.1
2010-12-01 12:49:00,536522,15012,United Kingdom,22749,FELTCRAFT PRINCESS CHARLOTTE DOLL,1,3.75
2010-12-01 12:49:00,536522,15012,United Kingdom,20972,PINK CREAM FELT CRAFT TRINKET BOX ,1,1.25
2010-12-01 12:49:00,536522,15012,United Kingdom,22569,FELTCRAFT CUSHION BUTTERFLY,1,3.75
2010-12-01 12:49:00,536522,15012,United Kingdom,21041,RED RETROSPOT OVEN GLOVE DOUBLE,1,2.95
2010-12-01 12:49:00,536522,15012,United Kingdom,21664,RIDGED GLASS STORAGE JAR CREAM LID,2,3.75
2010-12-01 12:49:00,536522,15012,United Kingdom,84969,BOX OF 6 ASSORTED COLOUR TEASPOONS,1,4.25
2010-12-01 12:49:00,536522,15012,United Kingdom,22907,PACK OF 20 NAPKINS PANTRY DESIGN,1,0.85
2010-12-01 12:49:00,536522,15012,United Kingdom,22865,HAND WARMER OWL DESIGN,2,2.1
2010-12-01 12:49:00,536522,15012,United Kingdom,22866,HAND WARMER SCOTTY DOG DESIGN,1,2.1
2010-12-01 12:49:00,536522,15012,United Kingdom,22632,HAND WARMER RED RETROSPOT,2,2.1
2010-12-01 12:49:00,536522,15012,United Kingdom,22776,SWEETHEART CAKESTAND 3 TIER,1,9.95
2010-12-01 12:49:00,536522,15012,United Kingdom,22338,STAR DECORATION PAINTED ZINC ,2,0.65
2010-12-01 12:49:00,536522,15012,United Kingdom,21810,CHRISTMAS HANGING STAR WITH BELL,2,1.25
2010-12-01 12:49:00,536522,15012,United Kingdom,22449,SILK PURSE BABUSHKA PINK,1,3.35
2010-12-01 12:49:00,536522,15012,United Kingdom,21197,MULTICOLOUR  CONFETTI IN TUBE,1,1.65
2010-12-01 12:49:00,536522,15012,United Kingdom,85231G,ORANGE SCENTED SET/9 T-LIGHTS,1,0.85
2010-12-01 12:49:00,536522,15012,United Kingdom,21121,SET/10 RED POLKADOT PARTY CANDLES,1,1.25
2010-12-01 12:49:00,536522,15012,United Kingdom,22151,PLACE SETTING WHITE HEART,2,0.42
2010-12-01 12:49:00,536522,15012,United Kingdom,84836,ZINC METAL HEART DECORATION,2,1.25
2010-12-01 12:49:00,536522,15012,United Kingdom,21326,AGED GLASS SILVER T-LIGHT HOLDER,12,0.65
2010-12-01 12:49:00,536522,15012,United Kingdom,85035B,CHOCOLATE 3 WICK MORRIS BOX CANDLE,1,4.25
2010-12-01 12:49:00,536522,15012,United Kingdom,84968C,SET OF 16 VINTAGE PISTACHIO CUTLERY,1,12.75
2010-12-01 12:49:00,536522,15012,United Kingdom,85231B,CINAMMON SET OF 9 T-LIGHTS,1,0.85
2010-12-01 12:49:00,536522,15012,United Kingdom,22739,RIBBON REEL CHRISTMAS SOCK BAUBLE,5,1.65
2010-12-01 12:49:00,536522,15012,United Kingdom,37370,RETRO COFFEE MUGS ASSORTED,2,1.25
2010-12-01 12:49:00,536522,15012,United Kingdom,22941,CHRISTMAS LIGHTS 10 REINDEER,1,8.5
2010-12-01 12:49:00,536522,15012,United Kingdom,21098,CHRISTMAS TOILET ROLL,2,1.25
2010-12-01 12:49:00,536522,15012,United Kingdom,22151,PLACE SETTING WHITE HEART,1,0.42
2010-12-01 12:49:00,536522,15012,United Kingdom,84836,ZINC METAL HEART DECORATION,1,1.25
2010-12-01 12:49:00,536522,15012,United Kingdom,20914,SET/5 RED RETROSPOT LID GLASS BOWLS,1,2.95
2010-12-01 12:49:00,536522,15012,United Kingdom,22749,FELTCRAFT PRINCESS CHARLOTTE DOLL,2,3.75
2010-12-01 12:49:00,536522,15012,United Kingdom,21190,PINK HEARTS PAPER GARLAND,1,1.65
2010-12-01 12:49:00,536522,15012,United Kingdom,84997C,BLUE 3 PIECE POLKADOT CUTLERY SET,1,3.75
2010-12-01 12:49:00,536522,15012,United Kingdom,21810,CHRISTMAS HANGING STAR WITH BELL,1,1.25
2010-12-01 12:49:00,536522,15012,United Kingdom,21192,WHITE BELL HONEYCOMB PAPER ,3,1.65
2010-12-01 12:49:00,536522,15012,United Kingdom,85014A,BLACK/BLUE POLKADOT UMBRELLA,1,5.95
2010-12-01 12:49:00,536522,15012,United Kingdom,21124,SET/10 BLUE POLKADOT PARTY CANDLES,2,1.25
2010-12-01 12:49:00,536522,15012,United Kingdom,72800B, 4 PURPLE FLOCK DINNER CANDLES,2,2.55
2010-12-01 12:49:00,536522,15012,United Kingdom,84563A,PINK & WHITE BREAKFAST TRAY,1,5.95
2010-12-01 12:49:00,536522,15012,United Kingdom,22107,PIZZA PLATE IN BOX,2,3.75
2010-12-01 12:49:00,536522,15012,United Kingdom,47504H,ENGLISH ROSE SPIRIT LEVEL ,1,1.95
2010-12-01 12:49:00,536522,15012,United Kingdom,21121,SET/10 RED POLKADOT PARTY CANDLES,1,1.25
2010-12-01 12:49:00,536522,15012,United Kingdom,21122,SET/10 PINK POLKADOT PARTY CANDLES,1,1.25
2010-12-01 12:49:00,536522,15012,United Kingdom,21742,LARGE ROUND WICKER PLATTER ,1,5.95
2010-12-01 12:49:00,536522,15012,United Kingdom,22566,FELTCRAFT HAIRBAND PINK AND PURPLE,1,0.85
2010-12-01 12:49:00,536522,15012,United Kingdom,21664,RIDGED GLASS STORAGE JAR CREAM LID,1,3.75
2010-12-01 12:49:00,536522,15012,United Kingdom,22632,HAND WARMER RED RETROSPOT,1,2.1
2010-12-01 12:49:00,536522,15012,United Kingdom,21122,SET/10 PINK POLKADOT PARTY CANDLES,1,1.25
2010-12-01 12:49:00,536522,15012,United Kingdom,22481,BLACK TEA TOWEL CLASSIC DESIGN,3,1.25
2010-12-01 12:49:00,536522,15012,United Kingdom,85099B,JUMBO BAG RED RETROSPOT,1,1.95
2010-12-01 12:49:00,536522,15012,United Kingdom,21931,JUMBO STORAGE BAG SUKI,1,1.95
2010-12-01 12:50:00,536523,12868,United Kingdom,22943,CHRISTMAS LIGHTS 10 VINTAGE BAUBLES,6,4.95
2010-12-01 12:50:00,536523,12868,United Kingdom,22468,BABUSHKA LIGHTS STRING OF 10,2,6.75
2010-12-01 12:50:00,536523,12868,United Kingdom,22149,FELTCRAFT 6 FLOWER FRIENDS,6,2.1
2010-12-01 12:50:00,536523,12868,United Kingdom,21485,RETROSPOT HEART HOT WATER BOTTLE,3,4.95
2010-12-01 12:50:00,536523,12868,United Kingdom,21259,VICTORIAN SEWING BOX SMALL ,2,5.95
2010-12-01 12:50:00,536523,12868,United Kingdom,22969,HOMEMADE JAM SCENTED CANDLES,12,1.45
2010-12-01 12:50:00,536523,12868,United Kingdom,22699,ROSES REGENCY TEACUP AND SAUCER ,6,2.95
2010-12-01 12:50:00,536523,12868,United Kingdom,22217,T-LIGHT HOLDER HANGING LACE,12,1.25
2010-12-01 12:50:00,536523,12868,United Kingdom,22227,HANGING HEART MIRROR DECORATION ,24,0.65
2010-12-01 12:50:00,536523,12868,United Kingdom,22219,LOVEBIRD HANGING DECORATION WHITE ,12,0.85
2010-12-01 12:50:00,536523,12868,United Kingdom,22111,SCOTTIE DOG HOT WATER BOTTLE,3,4.95
2010-12-01 12:50:00,536523,12868,United Kingdom,22294,HEART FILIGREE DOVE  SMALL,24,1.25
2010-12-01 12:51:00,536524,17572,United Kingdom,21111,"SWISS ROLL TOWEL, CHOCOLATE  SPOTS",6,2.95
2010-12-01 12:51:00,536524,17572,United Kingdom,21106,CREAM SLICE FLANNEL CHOCOLATE SPOT ,6,2.95
2010-12-01 12:51:00,536524,17572,United Kingdom,21107,CREAM SLICE FLANNEL PINK SPOT ,6,2.95
2010-12-01 12:51:00,536524,17572,United Kingdom,22697,GREEN REGENCY TEACUP AND SAUCER,6,2.95
2010-12-01 12:54:00,536525,14078,United Kingdom,21826,EIGHT PIECE DINOSAUR SET,2,1.25
2010-12-01 12:54:00,536525,14078,United Kingdom,21791,VINTAGE HEADS AND TAILS CARD GAME ,1,1.25
2010-12-01 12:54:00,536525,14078,United Kingdom,22548,HEADS AND TAILS SPORTING FUN,1,1.25
2010-12-01 12:54:00,536525,14078,United Kingdom,22149,FELTCRAFT 6 FLOWER FRIENDS,1,2.1
2010-12-01 12:54:00,536525,14078,United Kingdom,17164B,ASS COL SMALL SAND GECKO P'WEIGHT,2,0.42
2010-12-01 12:54:00,536525,14078,United Kingdom,22423,REGENCY CAKESTAND 3 TIER,2,12.75
